Student_ID,Attendance_Rate,Study_Hours,Subject_Struggle,Struggle_Scale,Class_Enjoyment,Understanding_Level
56a23db9-0aaa-4ddc-8602-a03a0ba07e8b,0.73,4,Physics,4,5,1
38f6112f-4c31-42f1-860c-94933fa21a1c,0.94,1,Physics,3,4,1
609f505d-6a32-47a6-ba21-2ec18bfb92d7,0.86,5,ICT,5,3,4
c189b93e-5d07-42e7-bc20-705375a777a8,0.86,4,English,5,5,5
d8bb620e-e022-4d30-b898-e23a15274020,0.73,1,Physics,1,2,1
395e367b-a721-4d6a-aeac-8815bf308d59,0.91,2,ICT,3,1,2
3eace3b0-f154-4094-a520-091ddd4cc19d,0.86,3,ICT,1,5,5
5ba65c8f-843b-4f75-a10c-578632bf06a4,0.88,3,English,5,2,5
c7981e4f-977b-4030-97cd-718651e26267,0.75,5,ICT,1,3,3
7f0e46b8-7f2c-4aee-b527-667f923bd450,0.82,4,Chemistry,4,2,5
94974708-9ce2-419f-b2b4-226971a24cec,0.76,5,Maths,5,3,2
d987b058-b156-479e-a1ce-b1bd8c8fc8d9,0.87,2,Chemistry,5,3,5
b721d576-e6bf-4462-98cd-67405656cbe2,0.81,4,ICT,4,1,1
6d9f37b8-6332-481f-b6e3-bd7fcc7265a4,0.86,3,ICT,3,2,1
1dad2e91-b326-4c05-9d38-2a6b7aece436,0.81,4,ICT,5,1,4
585686e2-9256-40f4-9862-fb54730e1e15,0.78,4,ICT,5,1,5
8ecabf16-13a9-4f70-adf4-c68e77d4c69c,0.74,2,Physics,1,3,1
78e4c529-44cf-4f60-8969-f380b777da73,1.0,1,English,4,2,5
b565df21-55d4-4186-b5e3-8c99ff3024b1,0.98,3,English,4,4,1
9332cb94-3118-4fdd-b0b0-573f9f7dffe4,0.71,4,English,5,5,4
16b79410-fac7-439e-b6ee-f99e9c55e40e,0.94,4,Maths,1,3,5
2300e806-a5eb-4b43-a294-d5af21f06ae5,0.92,5,ICT,1,3,2
8cd0ddae-c23e-4fd2-884f-fdb4caff41b3,0.95,5,ICT,5,4,3
d2b14944-f5ed-484c-b6e0-b9d9847150fc,0.88,1,ICT,4,5,5
a21c6cd1-bd91-48ba-a072-adb7876ee262,0.79,5,Chemistry,2,3,5
6b8263fe-d565-4a76-981b-623e3ce9e718,0.98,5,Maths,2,3,4
27728dba-74ff-4de0-908f-214ce721571e,0.78,3,Chemistry,3,5,1
3fe78d41-db90-4993-a7e3-e7a6ecbde412,0.73,5,Physics,1,5,1
14b1d00c-b1cd-4302-87f3-39e1ff5c9db2,0.95,4,Chemistry,5,2,5
ba599d2d-7e21-4d69-8fbd-084bc0923195,0.82,3,ICT,4,3,1
cd115862-562c-4df5-bd55-7b13e046f104,0.8,4,Physics,2,1,2
daabec41-68c8-4c22-a694-26e8b6e5ad20,0.91,5,ICT,2,1,2
a16ef4c5-683d-4ad4-9c89-bba02cd562d8,0.89,2,Physics,4,3,3
1c412e8d-c9a6-4cae-ba82-65607e63c394,0.78,3,English,3,3,3
d824b787-826a-4c52-8d32-c9e7476ce8d1,0.88,5,English,1,2,2
87efc39d-1a54-44de-a22d-b6a69550b2f9,0.94,3,Chemistry,3,5,3
298a06a3-da98-4ccc-9f7f-03aa7cb6f051,0.83,5,English,4,2,4
eec3ac68-182d-4bd3-83d4-8ae05c3b836e,0.91,3,Chemistry,1,5,5
40dd6905-62a2-4bae-b860-0cb468421f61,1.0,4,Physics,1,1,4
84536079-885d-483c-93c2-ce630a05ef36,0.93,3,ICT,5,1,5
90761788-a919-485e-8a0a-8a0c17e722e1,0.73,3,Chemistry,3,1,3
f9efff62-6dfe-4681-b966-cf78f7abe1be,0.87,5,English,4,5,5
111202ab-ef4a-4a0c-9b93-e69a47d2bb5c,0.83,2,Chemistry,4,3,5
4de0a96f-c602-4342-8d22-1f6b6fdb574e,0.85,3,English,4,3,5
80b02e6e-972d-4a28-83cd-8ac098e5b2b8,0.75,5,Physics,1,3,5
1e3db85c-7bf7-4ab3-9b80-ab2fb8f5fc19,0.9,5,English,2,3,5
0475e774-17c9-480a-aef2-f82695edede2,0.93,3,ICT,2,5,4
270ea2e4-91fb-4955-99cd-856743315b0b,0.82,2,English,1,5,2
2ffd7cbc-46b9-4176-bfa6-c4b1769ef181,0.95,3,ICT,1,3,5
02377d83-172a-4f03-a524-acd46d63124b,0.98,3,Chemistry,5,1,1
b1a3c5dc-f0e4-4f8b-8aa0-393b283eda32,0.89,4,English,3,2,4
3c3465bb-83cc-4484-ab01-b89131d91b20,0.9,1,Maths,4,2,3
a310a78f-32de-4e8f-b2fc-a3846d76236a,0.94,2,English,5,3,4
31023d5c-922f-4a2e-ac72-c3361ad4eb15,0.75,5,ICT,4,5,5
52fc13e4-2118-43e3-8744-c4d2bdff90fa,0.91,4,Maths,1,4,2
bdf16356-1155-4d87-bf7d-0d2bb16c481c,0.81,5,Chemistry,1,3,5
8c9e02ab-a780-403e-bd62-898154476439,0.74,4,Maths,1,3,4
8eb36884-864a-400d-b495-33dfea5cd6b1,0.96,4,English,3,5,4
0186d2e3-e3b5-44d0-b7c4-5a1a2bac7d15,0.91,2,Physics,5,3,5
d7f78987-fe44-4fea-96d8-60ec693afa7b,0.95,1,English,2,1,3
cd5ea0bc-7b69-4a4c-bcac-263a5b4334b4,0.94,1,English,3,4,5
07538369-58bf-483c-893c-e675bdf964fc,0.89,3,Physics,1,2,2
d75287fa-a1d0-451e-bdfb-f1747cd0fe8d,0.72,4,Physics,3,3,1
ec799d43-06e3-4e60-b1b8-b2365156d94b,0.89,1,Chemistry,2,4,2
8818a5c4-7bdc-435a-9fac-ec6af716a10c,0.94,3,Maths,4,3,5
995e39f8-4b46-482b-9c99-9b96628c0c0b,0.9,4,ICT,4,3,2
952e1c1d-57dc-4909-a646-469270b27e19,0.88,4,Maths,2,5,2
ac3ca544-9e6c-48c2-849d-18ebe8ff5b9c,0.91,1,English,2,2,4
2af97877-bea9-4445-becb-c04fc6f2a2e2,0.91,1,Maths,1,2,2
7933dcdb-92f9-4d5a-b473-f5d0596abc47,0.73,5,Chemistry,3,2,3
3f04d379-a194-4500-99ce-83a654b63c46,0.78,5,Chemistry,3,2,2
e1dd7054-df4c-4ade-96fb-9f310934888a,0.95,2,Maths,4,1,4
6fb72b44-baf3-4fdc-8872-6054c75ec679,0.81,1,Maths,2,5,2
2f08bef4-2a11-4b86-b914-b5f490e43c29,0.98,2,ICT,4,4,2
13a2bb7a-71a5-499c-bc32-4b3425f7b6d9,0.98,2,Physics,2,2,1
2a6d3960-8092-4575-b214-99961733fc53,0.75,4,Chemistry,3,5,2
3e1fa773-da75-414e-bcd6-dc1b8f9a3864,0.95,1,Maths,5,2,2
f05bb504-5aa5-4ce8-a052-3cee61723a19,0.86,2,ICT,2,5,3
c416c8b4-435c-4d79-8173-c376ea6db9f3,0.89,1,Chemistry,5,2,5
2c1b2df0-b3a5-43a8-baa0-dda08ec0d862,0.82,5,Physics,3,5,3
c340a184-754b-437a-b4d0-c243d860aba4,0.87,4,Maths,3,4,3
f9aa48c8-890d-4ad8-9ef8-1f167bbecca6,0.73,4,Physics,1,5,1
37d66c71-4736-483f-9753-6d107fe07e1b,0.95,4,English,4,2,5
7d225a01-036c-4a96-b486-ec7db0869e17,0.83,3,Physics,1,4,1
ee28522d-85a3-4390-9b1b-fe00253b46b6,0.88,4,Physics,5,3,5
4f1b1da6-b157-4f15-b35b-a1428d498a43,0.81,4,Physics,4,4,3
d7759ecb-ccdc-4168-9c5b-f0813ce53025,0.73,5,Physics,4,2,5
6472d376-bf66-4b84-8e85-656fd42bc51c,0.75,1,Chemistry,4,4,1
b424ae7d-48b8-4e92-b91e-edc4e9aff283,0.82,4,Physics,4,5,4
a8d4e9f8-8c28-4a76-b7f4-7c2023ef011f,0.93,2,Chemistry,1,5,2
eabf49be-1ed4-4e00-828d-399de9f9c551,0.94,2,Chemistry,1,4,4
c981775e-9787-431b-b1ad-893ef6d76117,0.85,5,Maths,1,5,1
1abc5252-a5b4-4d53-bdea-ed4d32f3b1af,0.96,4,Chemistry,1,1,2
5f3b316e-5abb-412c-855c-a39dcb2dee0e,0.71,1,Chemistry,5,3,3
fd23d7ff-9f08-4560-9230-668d928c28d9,0.77,2,English,4,3,3
4ca1be62-62e0-42a0-bc81-1c0ef7f3e370,0.89,1,English,5,2,4
888884f1-2d00-4434-80b8-8a69555402e9,0.79,3,Physics,5,3,5
d3a5d654-d543-4105-8bef-b98f3015038c,0.79,5,Maths,3,3,3
1845efe8-193f-41fd-96db-184793cb4833,0.93,1,ICT,2,3,4
bdbc7db9-8e73-437e-b315-0d79100d3cb0,0.83,4,Maths,2,2,3
e3b867d6-d9e8-49b8-b8d4-fe3ffa3bdf3c,0.81,2,English,1,4,1
eed16767-2478-43f4-96dd-f83e18028ec2,0.96,3,ICT,3,5,5
9abaf372-5838-4c69-97c3-d8f24aa11df2,0.95,5,Maths,4,1,5
8bfad834-d5c8-4359-b1c3-3f6b4cc83d85,0.97,3,Physics,1,4,4
7502e064-9a3f-4b04-84aa-d1f682bcbd86,0.77,4,English,2,1,5
4f9a5d7f-4e2c-4226-bec8-e7f8e8030ac3,0.84,5,Chemistry,2,3,1
b26e59ca-a76a-4481-8dfd-936638485423,0.72,5,Physics,1,2,5
0ea482e3-7195-48a8-9803-fa8a626059e6,0.86,1,English,4,5,4
9fd22901-11db-43a8-a682-27a77839841c,0.87,4,ICT,5,5,4
50a063cc-ca09-4174-a225-e01b888bb1e9,0.81,4,Chemistry,1,3,5
740ef249-5d29-469d-9e47-cd820c584818,0.79,3,English,1,5,2
f684d8f5-754b-4944-80d5-6bdcfc943841,0.89,5,ICT,3,5,5
d44b28c0-3b2b-44cd-bccd-c1b8ca164fb0,0.7,5,Maths,2,2,4
77675987-0949-4646-8428-5138f3c9dd6d,0.93,4,Physics,4,5,1
14f8c00d-c3ef-44a3-9f6a-872828140953,0.9,1,English,2,2,2
f51b6ea5-3105-4eb6-abc8-3822cb3e2172,0.9,2,English,2,3,4
7fc14182-70f6-40d9-894e-9809d035674e,0.71,3,ICT,3,1,2
c5acf12c-95ec-4782-a6ca-294b1bfeac91,0.93,1,ICT,5,5,4
09b0dfc2-f60e-4aa9-baa3-6ce7c4468243,0.87,5,Maths,5,1,1
d0e93db1-66d5-43d6-bcef-d4289b5425c1,0.85,3,Maths,1,1,3
4e7fd25d-7167-4a88-b3f9-29e98936f563,0.92,4,English,5,4,1
c554f865-d8a5-4f52-b728-3249a5ae672e,0.88,5,Physics,5,1,2
7b9ea799-0523-4bc1-8337-4ef585321d79,0.79,4,Maths,1,1,5
f19963ad-0bb2-4bdd-8455-9004199eedfd,0.75,3,Maths,3,2,1
4caea5ef-1655-4952-a490-ef5e2823e055,0.81,4,ICT,3,4,4
5e659459-a670-4d05-8c65-d0012ac7e097,0.91,2,Physics,4,1,2
06944009-3ca3-4c8d-b20c-2463856595a2,0.83,4,Maths,1,4,1
7e101b8e-cb7f-4782-b0f5-44118df05036,0.89,1,Physics,1,2,1
837be81a-99b8-4326-afe2-16b9c7765ae5,0.77,4,ICT,4,3,4
a0e7206d-b274-49ef-a264-2cca6b991549,0.77,1,Physics,2,3,1
390b2f6b-a9bf-4833-8de7-7caac33f4928,0.83,1,Maths,5,1,5
b81a2d54-ab3c-4d7e-b041-3c69dc7b496e,0.88,4,ICT,3,5,1
d721dd2d-166d-424e-bbbd-55b92f864893,0.74,4,ICT,3,3,5
d5193a4e-707b-45e9-800e-a35c0159d34c,0.72,3,Physics,3,3,5
0cf7cf15-72d8-4efb-ab72-08f2eb0be795,0.88,4,Physics,4,2,1
d78cf5f0-1e4e-4117-bd3c-a003ab1670d3,0.86,3,Chemistry,4,5,2
fef7224e-35e3-49ea-a0fd-221c00ab6a10,1.0,2,ICT,2,3,1
54eaa785-19b6-4df9-bbe9-dddedc7d898e,0.85,2,ICT,3,2,3
6d6fa833-ae90-4c3f-87dd-213fc6e7059a,0.84,1,Physics,3,1,5
5515d490-187c-4eb5-bfb1-e5e6fb8bdbcf,0.82,5,Physics,3,3,1
87be49f0-0f5d-4f85-baad-7583b77879d8,0.93,1,ICT,3,3,5
ce05f98a-8df7-4a4e-8491-84f7c57faffd,0.85,5,Chemistry,1,3,5
864094d0-5366-41d0-86a0-d745b2ddc804,0.71,1,Physics,2,2,2
d851c134-38d6-4b65-b430-5d4ca426c6be,0.97,5,Physics,2,5,2
3790d2eb-5297-4bd0-aa54-0b03f1b799ed,0.79,5,English,1,3,3
22d489fc-22d4-41a0-8ab8-6eb40476ba39,0.7,5,English,2,3,5
85d2b84b-17ad-4d84-a8e1-4be0410c4777,0.96,2,Maths,2,1,4
daede502-065f-496a-8158-5e2f18e3d54a,0.98,5,Physics,1,4,2
8eeba28e-34a5-47fa-95d8-0e1525ae85eb,0.71,2,Physics,5,3,3
538109b5-324a-40a2-af47-3dd0564cda64,0.7,1,Maths,5,2,5
0f396c8b-7fd2-4fc2-acb3-db5fac3584f5,0.74,2,ICT,5,3,2
01c14af7-8e44-4991-8e0e-5bde087f306d,0.77,2,English,1,1,5
f6e7f28f-38f2-4edf-a736-2873c9ad8b13,0.76,4,ICT,4,5,1
9e002b66-f038-4e2d-a6d5-1372ef6071e9,0.95,1,Maths,2,2,1
51262f48-d253-4b46-8ce9-48813dcabdad,0.96,4,Maths,1,2,4
bb11e6ee-9ff4-47d2-abde-9b0c1c601d50,0.7,1,ICT,2,3,3
d0019d21-98e3-4234-983e-6cd1118926f2,0.99,3,Physics,2,2,5
67064253-4850-4134-a43e-3723abcde2b8,0.99,1,Maths,1,2,3
2afa8457-40bf-4301-b691-8666e9fd2856,0.8,1,English,3,4,1
e7256830-e82b-4ec0-bb28-f3731e31b0ef,0.9,3,English,5,3,2
20b0a4ac-4c09-468c-9f83-6303b005934d,0.79,3,English,2,1,2
723e222b-00c4-4929-a890-8188da4b0ba0,0.79,5,ICT,3,4,4
150c6156-2a1b-4234-9e11-d4f66b857257,0.95,1,Physics,4,1,4
dcf44f06-8ca5-4544-8025-339450a5a222,0.86,5,ICT,5,2,3
370fb682-07f0-46f5-a567-e8f8e07d65d3,0.92,4,Maths,3,4,4
81a0d655-4af6-4b2b-ae7f-c93d6b4f175f,0.71,4,ICT,1,4,3
4d168d70-80cd-4d61-a7b7-d1ea8cdce7bb,0.84,2,English,3,3,4
332f934a-b4f9-4f18-ac78-49935dff0573,0.88,2,Chemistry,4,4,3
3da4b420-7cae-42d5-8f2b-3177017f91c4,0.85,5,English,3,5,1
18335ec0-98c2-42f5-a191-5bb3ee453c63,0.93,2,English,2,2,2
b4ac0b5c-2ca8-478c-ae61-28b30938b660,0.88,3,Chemistry,2,3,5
ac7e7003-f6f4-4147-8dac-85f9af6fdd85,0.85,1,Maths,2,3,3
8566ae6f-a241-460b-87a5-db7a6d046823,0.76,3,Maths,2,5,5
1c2b957c-c451-4000-8d12-aefb0735e671,0.85,2,ICT,1,1,5
3a8e7a89-d8ca-456d-aed6-28ec5dbdf35d,0.84,3,Physics,3,4,2
12e47efd-6e48-4199-9203-0852915f8e4a,0.87,2,Chemistry,4,2,2
ecaf7f9f-d448-4a76-b354-7fd48c1dfe69,0.83,1,Physics,1,1,1
a43030d1-d0d9-4f0c-b350-7b41ae947340,0.84,4,Maths,3,3,3
65faea83-393a-4eca-be9b-959a29e83a5f,0.85,4,Physics,4,3,4
edf7e656-701a-47a0-ba6d-4cadc862ee63,0.85,4,Chemistry,3,5,3
99a9767c-ff56-4075-906b-2bab03626c7c,0.75,2,English,5,5,3
94db9675-7142-49f7-8f61-855729aeaddf,0.86,1,Chemistry,1,2,5
83d5e836-44de-4b4d-b147-07b9e21fd0f5,0.76,4,Maths,2,1,2
7a3e2117-3584-4b06-8d31-c6041281f987,0.8,4,Chemistry,2,1,2
ece8032c-2491-4e43-a28b-d3bc637c5159,0.72,1,ICT,3,5,2
41006e6b-1d2a-4143-8c2f-2b502f897cd7,0.75,5,Physics,4,3,5
e6020541-ad29-4d94-b915-259aae9777be,0.7,4,English,3,2,3
bee1e4b0-673c-4621-8f5e-2637c3f32d95,0.94,1,Chemistry,3,4,4
84953efe-1a38-405c-86b3-a88b67baed3b,0.78,5,Chemistry,2,3,4
f77d496e-721a-42af-8634-63b2c19f06ac,0.78,4,ICT,5,5,3
fd236d24-5aa3-4fb9-bc62-f53fa1431a2f,0.99,5,Maths,3,3,2
03fa8a93-d65d-4ad8-86c0-e0ad510458d7,0.87,5,ICT,2,1,3
bbd9cee2-7f08-449f-9627-0c9836f8d0c9,0.84,2,Physics,4,1,2
6cec525d-88a4-4fdc-b6a7-bfdbb3ba09aa,0.94,4,Physics,3,2,2
12fee051-f73a-43be-9787-8eacad002bc6,0.8,4,Physics,1,3,2
c66af8d7-52cb-4b1c-8cfe-1e3f95905b06,0.85,5,ICT,4,5,5
11bafa89-9fbb-4310-b935-912fbce47a7a,0.91,5,ICT,5,2,3
5acf5145-9e9e-4e59-8074-79c3e8baa99f,0.72,5,Chemistry,2,3,3
5cfa8210-3875-481b-bbc5-1023f458a8b3,0.97,5,Chemistry,3,2,2
796f64f7-1a61-4978-8c13-4a66e5526d0e,0.91,2,Chemistry,1,4,4
f40c60c7-f406-4e1f-a514-1015a1c10ed0,0.98,4,Chemistry,5,4,4
66d76ba4-49e0-40c0-a557-aa93e08b0413,0.74,1,Maths,5,5,5
0ebde696-2517-406e-9c35-a176d5a77bd6,0.92,3,English,1,5,3
70e6a60d-8bb8-4cce-8e13-fd04e9019744,0.76,3,Maths,5,5,5
c96470e4-62cf-4be5-85bb-213f10ca76c2,0.76,3,ICT,2,4,1
6884e75d-ee6a-4693-8a74-28e6ab0d70c3,0.77,3,Maths,1,1,5
ed729ec4-5364-4adf-9ae4-3e995f67eeab,0.85,5,Physics,1,4,2
9e2be5af-098c-45ae-8483-90f559444d34,0.99,4,Physics,3,1,4
cba92993-4496-4342-9489-c3c076044b62,0.72,4,English,3,3,5
5e80b470-ec38-48c7-a968-0accedc46081,0.78,1,English,2,3,3
e4395ef7-7785-4784-b6fe-cf35d153cac4,0.97,2,Chemistry,4,4,4
a79284ac-baaf-48a8-b0c9-9de3f962fcef,1.0,4,English,2,2,2
18701ebf-1898-4749-ba4e-3902b3a61a83,0.74,2,ICT,5,2,3
f58ff793-0086-4b15-a18d-d0baddb973e7,0.79,2,Maths,3,2,2
c434a6ec-c2d0-486a-8ebb-497fdd98e6c8,0.9,4,ICT,1,4,1
636af936-e5fa-490b-a56d-b6fae22cb8be,0.98,5,ICT,4,1,1
3cbef524-e451-4480-a93c-8885994e63a2,0.94,4,Chemistry,5,4,2
02a7dcfc-23cf-440a-bc52-8f8ea88df2c5,0.93,3,English,5,4,5
0436a48b-8374-4af2-997b-f2d234a82252,0.92,5,Physics,2,4,2
2b09a583-7a37-499b-93ae-5847256640d6,0.97,5,ICT,2,5,2
e2727e57-9977-4b6b-89dc-89970c4b97ad,0.96,3,Maths,2,4,5
ba8cddc0-782a-4eb7-aa78-27b0405c2c8f,0.98,5,Physics,2,4,5
c1d46ed2-45b0-4e45-b964-d7f6869cc7fe,0.77,5,Maths,4,3,4
bec67ee8-795a-45af-a61c-745932d621b6,0.74,5,ICT,4,3,2
758fdc2a-1ea0-4a82-8e26-85ca6e705755,0.98,1,ICT,1,4,2
480f4204-315a-4544-8793-a677350cac24,0.75,3,English,4,1,5
2b1ead67-d443-4382-a8a4-5dd5f16ed69b,0.89,3,Physics,4,2,1
a3f52f93-d54a-4289-9ff4-17700abd91f4,0.99,2,Chemistry,4,3,1
46a4f659-7e10-45a8-9a45-23bd1c083977,0.81,2,Physics,4,2,1
1a26a6d1-9921-4ff8-8a1f-8b3b9b0c5b2b,0.84,4,Physics,5,3,4
039bda11-bc22-4451-a3c5-ecf229c75da8,0.83,1,English,3,5,3
6eb395e7-7fdd-4ccc-bbcd-fc8e0a3cb297,0.88,1,ICT,4,1,4
8c0cc4b2-af8b-4239-9d33-39785586ab12,0.82,4,Chemistry,3,5,5
8f981416-676d-485f-a851-49c8957b58db,0.82,1,ICT,4,1,3
5d33c5eb-5cba-43e0-99c3-474a0432e2d8,0.71,4,English,2,1,5
a4a9b12f-f809-4c9e-8acf-445017459cf1,0.93,1,ICT,3,3,2
9cb3ed19-1aab-4e55-8395-b93bcdcacc49,0.89,5,ICT,4,2,4
0e5949dc-c37c-4c2c-89e6-2557edbc4c33,0.87,1,Chemistry,2,5,5
378fedf8-02f3-414a-9e40-525c8885e11b,0.99,5,English,3,1,5
dff15086-8f74-4334-acd8-af2054b2e4e4,0.76,5,Chemistry,1,4,1
3a9cc85c-336a-400a-aea0-24d361f6882d,0.92,4,ICT,3,1,5
a43177e3-631e-4b18-a8a9-d28286aa83bf,0.83,5,Maths,1,5,4
9fc72e0e-788b-4a0d-9466-64b46f1573cd,0.73,3,ICT,1,1,1
50a16765-d3bd-436f-845c-9b64fbb253af,0.88,1,Physics,5,4,4
5c538606-cb12-4457-9f36-90e47a65e5b2,0.95,3,English,5,4,3
92bcbb79-757a-4cac-8642-168931717605,0.9,5,Physics,5,1,4
3c8702c0-6c95-4622-a61c-2eb8ac99c44e,0.86,3,Physics,2,4,1
1c2a02e1-b3d6-428d-a217-4fe5f1900a68,0.9,5,ICT,5,3,3
843d3874-684d-468a-ad77-3c2180a81260,0.96,1,Physics,4,1,2
115b649d-4c7a-4f3d-a005-d112cd09db54,0.9,5,Physics,2,3,5
864b6781-a2cb-4220-b95b-997e73e11a81,0.82,4,ICT,3,4,2
a4f4100d-f8e8-4c82-a3de-13cf636d2f7b,0.79,4,Chemistry,3,5,2
3b33898c-0c79-4952-a236-6af7fdd8229e,0.76,3,Chemistry,3,5,5
17b03f34-2c6f-4906-8f74-c9db8829d603,0.72,1,English,4,1,4
5774c47e-bfbd-4f9c-aaea-a5f3aad7de4d,0.86,4,English,1,3,3
a0bb1fe0-f759-424d-9dc9-312eb5f816a2,0.8,3,Maths,2,3,5
5ef7d3f2-4974-4509-a169-7618a04408be,0.93,5,Chemistry,5,4,4
b05b8ff9-940f-43c5-ba45-0a9a74224379,0.93,1,ICT,4,2,1
bbe0d29c-f0d6-4f54-9219-222aed9f521a,0.78,3,English,2,5,1
f4522782-4741-4d6c-bb27-503165740d05,1.0,1,English,4,5,4
cc14eca9-5532-4625-85da-11f598cafde6,0.75,4,ICT,3,1,4
92296de6-3b52-43a4-8829-70aecb49299d,0.74,3,Physics,4,2,2
c42187a3-d3ba-4c4b-acd2-9f2020436843,0.71,4,Physics,3,4,3
e7e50945-7108-493a-b626-7ae1c29dc542,0.9,4,English,5,4,1
67382b47-6595-4749-857c-fe44f9f15175,0.83,1,Maths,3,2,5
6fa28860-0219-4abd-a185-5b53ce2b85e4,1.0,5,ICT,5,3,4
2347eb11-3cbe-4cc9-843b-fbd120ba0162,0.9,1,Chemistry,4,3,4
3f24af5c-4a16-46e2-a8de-37f7f33199ef,1.0,3,Maths,5,2,1
573d4908-9438-47e8-b739-aa4116ac925f,0.85,2,Chemistry,1,4,2
2c4122ae-5457-4fec-84d5-8311889e819e,0.75,5,Physics,5,2,1
eec44b15-b3fc-45f6-8003-9fdf0cfe9fab,0.77,1,ICT,3,4,5
15804bd3-8ad8-4ed3-84b4-e18464203c38,0.85,2,Physics,3,3,5
64a3ae2e-40dd-4ca9-87ba-7c11985bb1ae,0.83,2,Maths,3,1,1
55a82350-ac48-4352-9dd8-e173d62f5462,0.86,4,Chemistry,4,3,5
ba14b42d-31da-4580-870e-7e3923168e60,0.77,3,Physics,2,1,1
fd1f8368-9ebe-40f2-9eb6-01ee95bd7df4,0.81,4,Maths,1,5,4
af82fde0-f481-4bcf-8920-2f8fcad9d520,0.76,3,Physics,2,1,1
77d9480e-b481-4bb7-b437-fe1690d11e1d,0.91,4,English,3,4,1
cdce9c5b-9432-4add-8a1f-d4f0acd0500c,0.98,5,English,3,3,4
1ef63a95-12be-484e-9ec1-c8b07dd45355,0.95,1,Chemistry,5,4,4
9830bc4f-89d2-4252-81d0-81291001e058,0.75,3,Maths,3,1,4
682ef9b8-1de6-43f6-9e93-c87b1e4c1649,0.96,1,Chemistry,1,5,4
df5f4cc5-00d9-46ab-a9b6-14dca81101c0,0.84,2,Chemistry,2,2,1
f87beff9-11e2-40b7-a6de-1f8be735905a,0.74,3,Physics,4,5,5
95b91430-ab5f-4467-9ddc-a9ecc2e28841,0.84,3,Physics,2,1,2
870a056b-f3d8-480a-a2f8-37c037d54eac,0.85,1,English,5,4,2
ef213d93-3f59-4758-ab06-dfadc3055163,0.83,4,Chemistry,2,1,1
82e74644-8eb8-4ca0-9c08-23a4148cfebd,0.86,5,Maths,2,5,2
ab80815d-1015-4f39-955b-52f9eefd1604,0.91,3,Chemistry,5,5,2
279fa45f-d3bb-4cce-8c5a-bf4aba26ddc9,0.9,3,English,4,2,5
45aa04fd-a08b-4c93-9295-25e0bc5cea5e,0.93,3,English,4,2,3
82bdc10b-cd9a-4782-b658-79eca3b05bc0,0.75,4,English,3,4,5
c04f9508-0d18-498a-9346-fa3a03facc9b,0.94,5,Physics,2,5,3
ac02d989-2279-4cbd-ba88-b9f664b5afe0,0.73,1,ICT,1,5,3
40b347cd-3726-4e18-b190-6955dca5b952,0.91,3,Physics,4,1,1
8238e0fb-b1c6-4272-a249-228217eb7eb3,0.79,4,Maths,1,4,3
ca1464b9-98f6-4deb-b13c-99c6c17dba8c,0.79,3,Maths,5,5,1
b1db0d9a-7762-4e76-9cad-64692b6ab4c4,0.71,2,ICT,2,5,4
77e62b8c-40a5-41ae-a9fa-4b348a12b049,0.83,2,Maths,5,1,4
3cd2838f-a002-4c68-86bc-f82e10487729,0.87,5,English,4,1,1
2e70d71b-752f-41ac-bd74-7262f1f7af83,0.89,2,Chemistry,5,4,4
eeb4ddf5-673d-4040-998a-2083142e8efe,0.92,2,Physics,5,1,1
5600ed36-4035-4d2f-ac02-f44ef488d09a,0.96,2,Chemistry,3,5,4
bf52c6c3-813d-4f6d-a1c4-380eb7f2f20e,0.91,4,Chemistry,3,1,4
a63a59ef-0be0-4e38-bfd2-ab12d4f4179b,0.75,3,ICT,1,1,3
0ce80ae0-e442-4903-98a4-c3c04a05b069,0.87,4,ICT,5,4,5
89c455b8-c724-4d1b-aa41-e1c742965353,0.7,3,ICT,5,2,3
2c43026c-72f8-4e16-addc-eb1d56addd1d,0.81,4,English,1,2,5
40535710-8d54-4725-9b27-ac4f95f66b33,0.78,4,Chemistry,3,5,1
170b4afe-43ce-44cd-9325-b64d7687a7fe,0.72,3,ICT,1,5,3
d3d96b2e-a8ad-4d7b-834b-31a5cdf65279,0.97,5,ICT,2,1,2
5115a34e-df73-4378-bb08-7f52029ff8f0,0.97,3,English,4,3,2
2216e504-6591-49ac-8cbd-aa67cc7c095a,0.79,4,Maths,4,2,1
7f44a8ad-fa27-4b1a-adf4-beec2c7312b2,0.73,1,English,1,3,2
4cc6969b-1c28-4fe2-86c1-362b15125037,0.75,2,Physics,4,1,5
4dd49039-ade0-44b7-b5af-8fcb8b0be5f7,0.97,2,English,2,2,5
31f358e3-006d-4aa5-ad66-a93de290ba5d,0.8,3,Chemistry,2,3,1
f6ad6e58-002e-4e81-8a13-3093bc45525e,0.7,3,Chemistry,5,3,5
f8f62c15-d0cb-4456-923c-9f972992ccac,0.92,4,Maths,2,4,3
906aab87-0b6f-4623-b15d-8e22de4dd952,0.82,2,ICT,5,3,1
3c85ea83-a785-4709-a7c1-7f4fd9ed31ea,0.79,1,English,5,4,2
ab84f1f9-2e4a-4192-8edc-45105ce50871,0.94,5,English,2,1,3
2441e6b1-e3f5-4b75-a2e9-bc8ad6eef5d4,0.71,4,ICT,4,2,2
9245c78f-8f67-4790-bf8d-f5cd3e3ce4f7,0.98,2,ICT,1,2,1
676ed8b8-f417-4a4e-b807-bb098751e946,0.84,3,ICT,5,4,1
0121882a-6eb4-4b6d-88d9-90f21c3d74e9,0.76,4,Physics,4,1,3
4e829ed0-e2df-4abd-8fcb-4854b279e4ae,0.8,2,ICT,2,1,5
3946b31e-c066-47bd-a0ed-e67b8da1fa64,0.96,2,Physics,1,2,2
ffe718c8-d504-4feb-a8e5-fdac3b6e15c1,1.0,4,English,4,2,4
6c7a6602-f324-49e0-9b08-a7b6e4a4a3a9,0.87,3,Physics,3,2,3
09916a7a-fc4a-488c-a62e-cef1efae8b0b,0.82,3,English,3,1,4
3c0f989f-0d91-4765-bffb-e0cb1ca92c05,0.76,3,Physics,1,4,2
ddc8f487-6e08-4c13-b010-464a7c09c1ab,0.8,2,Chemistry,2,4,1
a50cf3ef-4054-40e2-b37c-21a2ae060d80,0.97,5,Physics,1,3,2
ed367e48-30f0-44c5-8c11-1b13e297e762,0.99,4,Chemistry,2,1,5
ad628434-27db-4698-a603-869686027be6,0.84,5,Chemistry,1,3,5
b8d63a8a-d6dc-4ed2-a7a9-546fc968df29,0.79,3,ICT,5,5,3
7b66b6db-20d6-4a81-ac60-6243c2f1cbef,0.91,5,English,5,4,1
da205a29-9229-4547-a98d-c1002938ab80,0.98,4,Maths,5,1,2
52b557e3-8c78-49ca-b892-05cd5d1180d9,0.78,4,Chemistry,2,1,5
cf3ee989-0e74-426f-b3f7-24445ce0afd8,0.87,3,Chemistry,2,5,2
d1d3e2ec-6259-4085-aefe-2d7ecdb1fb93,0.97,4,English,4,3,3
186767e1-c0d6-41dd-a0bf-729d104e98bb,0.83,4,Maths,2,2,2
0981c581-e3e4-4db0-86f8-0f9db5e0a89c,0.8,1,Maths,1,5,1
8c8deaa7-d917-4d80-b108-1b7b3fd5fee0,0.86,2,Chemistry,5,3,3
b52de95a-10dc-4d80-8c84-b599539c124b,0.85,1,Maths,2,3,3
263f4c94-bccb-4aa6-873d-4bfb14b7821f,0.76,1,Chemistry,5,2,2
4bc73e89-f418-49a3-bacd-7d76398e994a,0.71,5,Physics,5,4,3
98b7edf9-2c0c-47b5-a7c8-f26b6209a099,0.89,2,Physics,4,2,1
31538aed-5034-468d-8539-3859d4831db9,1.0,4,English,4,4,5
98945224-58d4-42a9-b092-50a56902c81a,0.82,5,Maths,3,4,2
0ab3d242-8a70-43d2-890d-391136b9d833,0.82,5,ICT,4,2,1
f379529e-2395-40d2-9e82-dfbb929379fb,0.7,1,Physics,5,5,4
7a7b19ce-f973-4ce9-91b9-194dee85eb6e,0.94,5,Maths,2,5,3
e5c98a95-c9b6-43fa-9391-c0145377c02b,0.72,2,Physics,5,2,3
0f26936d-bd9d-4e26-8f89-d64923673679,0.91,3,Physics,3,4,4
2fe09ccf-cdee-4769-8181-6023fed70444,0.8,5,Chemistry,4,1,3
c843e135-3fba-409c-8f4a-802634ac5694,0.99,1,English,5,4,2
b7c05ec8-c883-400d-a0d7-3d566ba7506c,0.94,3,Physics,3,4,3
2e484d3d-8162-4b27-89d1-3bdb09782310,0.9,5,Chemistry,1,2,1
402d91b0-ffc8-46a4-ac9b-134687349122,0.71,5,Maths,3,5,2
991a9ba8-8697-4d46-ac9a-9cf1736aa2f3,0.82,1,Physics,1,1,1
cbe0bb6c-5937-4b32-a664-ae30b3c7bb55,0.78,1,ICT,4,5,4
90dfb494-21ed-4090-a04e-536ebbbe4334,0.86,3,Maths,4,3,5
bdbb8959-7133-40fe-9bab-bacaf9521775,0.9,5,Chemistry,4,1,5
41ae174b-e93d-4a72-abd1-fe73f8364069,0.9,2,ICT,4,5,5
a506d7b8-982d-494e-b758-a7fa5bab0532,0.76,1,ICT,2,5,3
6cfb5c17-597b-4a55-ab44-85d1a61eb76e,0.97,1,Chemistry,2,5,2
e2c94b1a-3112-4dd3-ae13-21e4bd3c3918,0.7,5,Physics,1,2,5
84e3860b-d1ad-463e-bd90-7d4e1b71972a,0.73,3,Chemistry,4,3,4
593b9809-acb5-42d4-8b07-85a9be6be433,0.94,4,Physics,1,4,4
8d94472a-6a1e-4f93-bf70-f510f6e90c80,0.73,4,Chemistry,4,3,2
1cba939e-e1ca-462f-aaa7-8ef5b0de127c,0.95,3,English,1,2,1
f30cf77c-084b-4b01-8b63-050c924285cc,0.97,5,English,1,5,3
2b78eabc-5331-45a1-9dc1-c52045565835,0.91,3,ICT,3,5,5
bc109428-e645-491b-97c1-c04023f75dba,0.93,2,Physics,4,3,5
9732f91a-ae8e-4bdc-8439-9ae10d1d2394,0.99,2,ICT,3,1,5
a97a1caf-e518-4852-b7bd-76ef2043798e,0.72,3,Physics,3,2,5
bac4415b-30ea-437d-bbb7-e23052285b3b,0.79,5,ICT,2,5,4
c53d00d8-a08c-4b3d-8bb0-a29929137b83,0.72,5,Physics,1,5,4
32f974c8-5f68-4590-9631-666da4b8d3a1,0.97,4,Physics,4,1,5
754ab358-ecb1-408b-9df5-8e8606a60fcb,1.0,1,Maths,3,3,3
1994ddc4-27c8-42ca-90e2-47ba48eb7fa5,0.97,4,Chemistry,1,1,1
5c9cb13a-e3e1-4e94-97d5-c52cf4ec031f,0.79,2,ICT,2,1,4
caa83ba8-d372-4f84-8400-83e869b6e46d,0.98,4,ICT,1,4,4
18d999be-8ed3-4402-8fd1-e4dcccb3e34e,0.75,5,Maths,4,4,1
52727dd0-64c9-41e2-8e40-28f9592a1ec1,0.89,3,Physics,2,4,1
1cecdfa6-4e1a-4104-900e-24fd2a0149e9,0.99,2,ICT,5,4,5
cc38a76a-f0ab-4e47-81a3-421e3b1fc081,0.93,2,Chemistry,3,1,5
71be7142-60ad-4230-a3be-60b26b2426d6,0.71,3,ICT,4,1,5
938abdc3-cd3f-42c3-a5e3-257ad4786cc3,0.86,2,English,3,5,2
2db4036e-e99c-4e2d-90c2-e5ca491f0ac6,0.95,5,Maths,2,5,1
3c0ad758-81bc-46cc-8110-fb5724ce74c1,0.76,5,Maths,1,1,3
d5ebe867-7b9c-4188-bc20-7299dd5d10b4,0.91,4,Physics,5,1,2
a653c871-1ddc-4975-a855-c0fd6d869dcc,0.93,1,Chemistry,2,4,3
88afd73f-e697-4fc1-9883-408fb44d0d83,0.71,4,English,5,5,5
c2ff26b5-9d8d-4baf-88f4-d7c08a42c944,0.74,4,English,5,2,3
2685b04f-7862-4123-8fd4-261ba3189e9d,0.77,4,Chemistry,2,2,5
e45c42a5-aeca-4945-acc5-258de5257447,0.82,3,Physics,3,2,4
d8b97039-ab67-46e9-b24f-14cd8440c622,0.74,5,Chemistry,5,1,4
d433ccfa-f2d5-4738-b35d-2d2f31261f25,0.78,3,Chemistry,5,1,1
9ccf0fc1-b08f-45b7-bd14-c2780ebcafb8,0.85,5,English,3,2,3
5726d152-1151-4da7-b310-6d24b39d4218,0.81,4,Maths,5,2,1
5e602e82-68bc-426d-8d6c-9a2b0ef82a3e,0.88,1,Maths,1,4,1
b2e67b60-b60d-4509-9d8d-e6f8bdd61ff3,0.83,1,Physics,2,5,1
4382063d-fcb9-44a0-bbb7-42abc4c4d784,0.81,3,Maths,4,2,1
6a0e93e1-de10-4b87-998d-393400575343,0.82,4,Chemistry,3,4,5
4b319658-04ff-4e00-b6b6-188831f5ce71,0.75,3,Physics,4,3,3
709b276b-de9f-47c7-aad2-15095495f981,0.86,2,English,1,5,4
bdf5df12-467d-4a62-9851-618e83e604ae,0.85,5,ICT,3,5,2
0cd62d7c-179f-43e2-83aa-1a8bd155522b,0.97,5,Chemistry,1,1,4
e1251942-1ac4-4b00-8510-a5fbadc69415,0.85,3,English,1,1,4
9f7b3c71-570e-4c08-b369-430bbbeaaf7f,0.92,4,Maths,1,4,3
1830051a-d319-4aa5-b592-f9a918d24a69,0.87,2,Physics,3,4,5
f91efcce-a388-4bba-806e-80d56bcacb6b,0.96,1,ICT,3,4,5
e47c9217-331c-45fe-a863-583bd4a20626,0.89,1,ICT,2,5,2
d2c20fa4-5c78-4e69-8a38-88b2143cca90,0.83,1,Maths,2,2,2
303b247e-3844-42cc-9659-8d3c0c06969c,0.95,3,Maths,3,3,2
9171a93c-37ae-47f3-8801-a4be67d33768,0.86,5,English,4,5,5
f04341b5-9e6d-4f59-b0af-af37ff943b10,0.9,4,Maths,5,5,1
e8668e7d-ebc4-4276-a5c8-b9a43f96f6d1,0.9,2,Chemistry,1,5,3
3c84900c-4197-47a8-baca-4d2b219e5ce7,1.0,3,ICT,2,1,1
6f31fc50-7d79-4cef-a03f-7963e3f28393,0.82,2,Chemistry,3,1,2
573756b9-4ada-471d-a53d-98796002c51a,0.83,3,Maths,2,4,4
88bbb618-ea66-4964-8673-683455e46ec5,0.71,1,Physics,3,2,3
c8c6680e-b48d-4ef0-bd69-d4f3dc7fc3dd,0.89,2,Chemistry,4,2,4
73deee7d-bd56-437f-9d61-220d2a5fab9c,0.85,2,Physics,2,2,3
592202c7-3453-4ddc-bcaf-33942c244638,0.92,4,ICT,1,5,2
cea07b51-ef2d-419f-82c3-ab49a0601845,0.73,5,Chemistry,5,1,4
23d12c06-e4f5-45c5-a41a-42c9e8a35b7c,0.74,5,Chemistry,4,5,3
674b2bf5-b091-4d06-b412-5c4dcd3fb92a,0.92,3,ICT,3,5,1
616016c1-e6e7-441b-af3a-e30cc7d54153,0.94,1,Maths,2,1,3
6c7452f7-9179-443a-bb32-35396745b6af,0.76,1,Physics,1,2,4
932c5ee1-fb7a-431c-914b-b0889ae972e8,0.73,1,Physics,2,4,4
8f477346-b718-4054-ab8a-d641c9eafadc,0.83,4,English,3,2,1
3445acbc-7b63-4c30-a349-68fb4ef83c16,0.72,1,Physics,2,4,2
165c7a42-10b5-4101-a11d-f19f49bc1f6c,0.78,2,English,2,5,1
c8d8ad51-6020-428f-b381-51ffe8fea549,0.9,4,Maths,4,4,5
26f91d68-4212-4efa-9be5-26d9b4d8c6a3,0.97,2,English,2,1,2
6a68ff23-5798-48a6-8dcc-6273f52a3142,0.82,2,ICT,5,1,4
e27297c9-9207-40cf-a31d-ba854df5620b,0.77,2,Chemistry,1,2,5
8071bddb-305f-423b-a4ba-a3b79523bfbd,0.94,5,Chemistry,4,2,5
d48fbdd6-7600-44c0-9a55-ec2fab009f43,0.73,4,Chemistry,2,3,5
12040361-cc6b-4a66-95c2-635142121545,0.98,4,Physics,3,2,1
3638ab7f-8232-42a0-bfde-0cdea6d8ad82,0.95,2,English,2,4,5
df29c92d-e27e-4447-a0af-22d137e277fc,0.76,2,Chemistry,1,3,4
a4efa0c5-3162-48ae-99d2-f1d4ebd581b4,0.73,2,ICT,2,5,5
0c276f11-d78d-44bf-a993-ff6231d69a91,0.95,1,English,2,1,4
df529cd9-6d67-4e75-b62b-f81878fdce88,0.74,1,Chemistry,5,3,4
614ad66a-5a14-4429-b483-1bb1a1af4a5b,0.96,5,Chemistry,4,2,2
f50ed904-257a-4704-b018-ef04c329a596,0.72,4,ICT,2,5,5
6b8352a3-7502-41b9-abab-d04806fc8b00,0.93,5,Chemistry,2,2,1
d22172b5-bdf4-4e93-8893-0d3382e504fe,0.92,5,Chemistry,4,3,1
97925dda-b850-4169-82fa-81e3e1587110,0.82,3,English,3,5,3
0ec777ad-2f77-4a94-b189-5daf43f3b8dd,0.72,4,Physics,3,3,4
5d790f9d-2371-4a3a-840e-9f5c94f32d62,0.89,2,English,5,4,1
e18a7cee-be6d-4ce7-b34b-7007a70fb9e8,0.76,4,Maths,3,2,4
5a787a4f-6d11-4ad4-9903-b5c161acbf9f,0.87,1,Physics,5,2,2
4aec0236-70bd-4dd1-80fa-8b4113e2aeb2,0.97,3,Chemistry,4,1,2
a8f0fc46-64f3-422e-a3d9-c7df3ae02d19,0.94,5,Chemistry,4,5,3
fad017d3-a623-4850-82cf-d04119138e59,0.73,5,English,5,3,1
9e9751bf-a0e8-4c0f-a86f-6d875f2ae158,0.96,4,ICT,5,5,5
89e521a3-031b-4b4c-b7f5-ff138966c951,1.0,2,ICT,2,1,2
11a0ddc6-c871-4653-a037-e65347567265,0.97,4,English,4,4,2
337d4284-fc63-44ed-aa1b-979f812a80d2,0.96,2,English,1,3,2
b17e62b4-c2aa-47c9-9b33-e1900e57942d,0.82,1,Maths,2,4,4
73a64e7f-ac5d-48ff-baf0-70af8b56e223,0.98,5,ICT,5,2,1
90d5ef43-1837-4678-a1ca-83f6ce4e46c3,0.72,2,Maths,4,2,1
dbb5874c-4996-47c3-a81f-592034d52b46,0.82,1,Physics,2,5,2
7bb6d6b9-390c-487f-8c83-025fe8924c55,0.91,2,Maths,1,1,4
64f6b436-de18-499c-9bf1-cc6e02aff0b3,0.76,1,Physics,4,5,4
ebc628b4-2638-4e8a-851b-b4cd27db92ea,0.78,2,Chemistry,2,4,5
377eb1a4-65ce-4767-aa83-24cf148d6649,0.81,2,English,5,3,5
0e8d0c90-9661-4b6d-a0f4-795f2a65e4b5,0.82,2,Maths,3,2,5
8d0bb9ae-a811-4d42-9a4d-c366115e3375,0.73,2,Physics,3,1,5
aed02c7e-7557-4615-a04c-3b9ee3739935,0.79,5,Physics,5,4,4
29ca307a-c5e6-44c7-8398-8ba792b3832d,0.81,5,English,1,5,5
44ea02ff-8460-4523-b5d9-226e8ef4612b,0.99,5,ICT,1,5,4
be31a2d1-96b6-4be7-a2c2-5a5a2fc3678b,0.83,5,English,1,4,3
eda1d5bd-73ad-468d-a631-5d92e6d5debd,0.95,5,Physics,1,4,3
2f80b186-9db0-4b6c-8f91-96d8ce46030c,0.75,2,Chemistry,5,4,3
c1a5880c-62dd-466f-8cde-c7a26dd8b38b,0.77,5,Maths,3,1,2
eebe4463-b7f3-46db-a5b0-42e14586876f,0.72,2,Chemistry,3,5,1
640ce50b-e980-48ce-b082-69bc858ad2b3,0.86,3,Physics,4,4,2
2b237e70-00a8-4e2c-a536-dde0013eebd1,0.9,3,Chemistry,5,1,2
01f5150e-4914-4487-989b-79243bdb3553,0.73,3,ICT,1,5,2
b4444abe-2c77-473a-bd2d-53dbc1ca1e9c,0.73,5,Chemistry,5,2,2
99ab9e29-4ab7-457f-a77e-52a63a5beaf1,0.8,4,English,1,3,2
9c92513a-6010-4a97-8af7-92d7577e6e7f,0.88,2,English,3,1,4
64b93847-2de2-4add-83aa-95bc4e3fe770,0.99,5,ICT,1,1,5
f9c36920-6b84-4299-b57b-f72224898ea1,0.99,1,English,1,5,5
4122ef02-b1f7-4703-8219-5c1b96c739a8,0.98,3,Chemistry,4,2,1
095b493b-3abf-488c-9783-f9b8c6db10ea,0.76,3,Chemistry,2,2,5
2f14c136-8038-4988-9e5b-750b233526b1,0.92,2,Chemistry,1,2,4
90603132-de20-45bc-8705-9645930b2d8d,0.9,3,ICT,3,4,1
351653cb-5655-46b0-ac28-4250cf7ae871,0.84,3,ICT,1,1,5
218d8471-f376-4693-a016-d980d8d37e65,0.83,1,ICT,3,1,3
479c8cb9-2dba-4479-9cd3-b453f02e722c,0.97,1,Maths,1,4,2
cfc0692f-e353-473a-8dcc-7fa3a053dffd,0.77,5,Chemistry,3,2,1
299c43ac-a317-4eb1-a082-57ddfeeddfc8,0.88,3,Physics,4,3,2
258c244f-fbc2-42b5-b9ff-b0364841681c,0.89,5,Chemistry,5,3,3
57c97b50-f0a4-49cd-9091-763560aa5018,0.94,5,English,4,5,2
8cf2bf9b-13ee-44bf-abab-ceb5a996a49b,0.95,4,Chemistry,5,1,2
b12565a5-d3f6-4603-844b-f130572f446e,0.74,4,Physics,4,3,2
1e1d07ee-b41b-4d74-9247-60e2c269efab,0.74,5,ICT,3,3,5
0633fd91-6ef9-493a-ac28-88a5c46a2dc0,0.81,2,Maths,3,3,2
3ef08b8c-0bcb-4c78-a903-bce245675146,0.86,4,English,1,2,5
e5e40e9e-d3cf-4901-aecc-1ddd5600d933,0.82,3,Chemistry,3,1,5
e125aef1-30a0-4952-a1fc-613981dd353b,0.91,1,Maths,3,1,4
a9bee953-1293-4aab-90de-324d0b0e5caf,0.93,4,Maths,2,5,5
a27ed7cb-754e-4f7e-a8a2-559c0b678c6c,0.99,2,Chemistry,1,1,3
192ef837-6461-4f16-969e-a47478186b47,0.73,4,Physics,3,3,2
bf812d64-2c44-4f5d-aedc-71a60c46d80b,0.96,4,ICT,3,4,1
148c13c2-9048-4978-a7aa-561e71aae6f3,0.79,4,ICT,5,4,3
cc0ceab4-1832-4303-a09c-cbe916c20962,0.72,2,Maths,3,4,1
ba22e67f-a0dc-48e2-adc9-63aa1cf3370f,0.82,3,Physics,5,5,1
afe7b123-90db-4268-970a-26eced5459e2,0.7,2,Maths,4,1,2
7f436617-1e9a-41e3-9b3b-f07af3e8df0c,0.72,2,English,1,2,2
0db4d019-3c11-495c-b397-93d5ae963eeb,0.87,2,Chemistry,4,1,5
c4ee5423-7991-4d12-9e71-6df0739b28f5,0.92,3,Maths,4,3,1
2cee241e-2273-449d-8230-ea1f58791613,0.97,2,English,3,2,3
abcac23c-e018-4f25-a054-0b2e84c1aaae,0.78,5,Chemistry,1,3,1
3b12aa0c-d3c6-41a8-97d7-476725a9eee1,0.82,2,Chemistry,4,4,1
caaf95a3-518d-4e8b-a304-3f029b2c72fd,0.98,3,Physics,4,2,4
ed50878a-cd8a-4a42-ad12-acc415bb9ec8,0.96,3,Chemistry,1,1,1
99e3c833-b995-4fa5-863d-dcbc1d49ff0d,0.87,3,Maths,3,2,3
de62a7b8-f9ad-45a7-8bdd-46ba2c730c6d,0.99,2,Chemistry,2,4,1
cf2fef6e-22c0-4021-8dab-0686aa13b5e2,0.72,2,Chemistry,4,2,4
91e6a86f-8e55-4027-b192-dea8583dbb6c,0.91,1,Physics,5,4,4
18525594-8b4c-453a-a672-f9b4318a617f,0.89,1,Maths,4,2,5
4b88c8ef-b9b2-40c4-93de-edf50bd24186,0.84,2,Physics,1,1,3
b5a5b685-5571-4229-b897-70b7a23571ec,0.97,3,Maths,1,2,1
45ae685c-a98f-4d02-a4cf-6d0db5e5a38f,0.87,3,Physics,1,2,1
ef00e1e2-3712-4cf3-a831-6fa3a924b805,0.84,4,English,4,4,2
9cf4793a-7267-4445-b8ae-8490f6d09303,1.0,2,Chemistry,3,2,1
84ba53da-ad27-4c6c-a006-80b75117041c,0.97,4,Physics,3,1,4
263aa3c5-5bd6-4edd-879a-608f1dfaac6e,0.88,5,Maths,1,4,1
1c2ebd3d-fec7-45f3-9882-2ee87c88536b,0.75,2,Physics,1,3,3
c190a2c7-ae96-41cb-a6a2-d333927d95a5,0.73,3,ICT,1,5,2
c3976851-433f-440e-989a-cadedc1bc8f7,0.93,1,Maths,1,2,2
a7f2e046-f2d2-4e5c-9f07-9f6f871c4998,0.89,1,Physics,1,1,1
fe061259-d28e-4a6d-9055-eaae99996282,0.78,5,Physics,4,2,5
b3d247ed-a474-4dd0-a2e1-f4cbc2cdfe14,0.71,1,Physics,2,2,3
4f688f2e-4fde-443d-ba16-7818e8e30427,0.79,2,English,1,4,1
ec489920-b6c3-4f6a-9ec9-703bae4a65fc,0.71,5,Maths,4,3,2
9a9d5ff6-7e0e-4ba2-b39b-fffe819b1819,0.81,4,English,3,4,1
edbba401-03ce-485a-8c48-8026fe90ca5e,0.99,1,Maths,2,3,5
173644e4-69e3-4f47-8e51-1857cd8426b5,0.8,1,ICT,4,3,2
9f9bd0a9-af59-46f2-9cf7-0cff05b96578,0.91,4,Chemistry,3,1,5
af2ca462-5b53-49f0-8f2e-d74cbc91ee2f,0.98,3,Maths,1,5,3
a6f88f21-e32c-4c38-960d-c08005f0a791,0.79,5,Chemistry,5,1,5
a193990b-22af-4bb3-9f4e-3af2ed87d22c,0.79,2,Physics,1,3,3
8cfb3748-613a-4a23-a689-5cde98630f9f,0.77,4,ICT,5,4,2
613fa96e-e8ca-43dc-bfe8-cb87fe4a6308,0.76,1,English,1,1,5
e78f2c67-dacc-4b71-8a39-857d746298f3,0.7,1,English,5,2,5
1f672997-6f7f-4d35-bca5-3ac15cff2246,0.7,2,English,5,3,5
3a7b92be-48a4-4fe7-9578-886312d69427,0.92,2,Physics,4,4,2
00f6d433-7319-48f2-8a37-e3b1f05b395a,0.83,5,Chemistry,4,4,2
b92e4fa9-f721-4a5b-89a5-f912096ecd66,0.88,5,English,1,1,2
7513f4d9-f3c5-40c4-9d5a-c7b8b2ef6756,0.92,1,Physics,2,4,1
022982a1-a859-48ec-8aff-74c4c82ed1b5,0.93,3,ICT,1,5,4
d437f313-4cf6-4dce-aa85-97942e81cce7,0.99,2,English,3,5,3
a0396461-c925-4bb2-a05e-074bb6dea29d,0.91,4,English,1,4,1
19d97a30-cb31-4280-8e26-0f770009b1cf,0.86,5,ICT,1,1,5
59155f62-7427-4287-b0df-fa694bbde63b,0.98,5,Maths,3,4,1
5c872f15-7fe7-44bc-8b7d-60382dd06e80,0.91,4,Chemistry,1,5,4
5a888e22-85f8-4acf-bc8a-330a4ca4ddcd,0.72,1,Chemistry,2,1,1
26788ddc-bfad-4778-b5ce-de54fa21a32d,0.98,5,English,2,4,1
9ef29ce3-0f94-49c9-87a9-337eca8494ad,0.95,3,Maths,2,3,5
1ffa4070-5bcf-4ec7-9167-0d966fa4f5db,0.84,4,ICT,3,3,5
62ed67c7-c5c6-4ebe-86bf-dbacb52c436a,0.8,2,English,3,1,1
67a50fd7-1db0-48e0-9949-c43a7a3cb1b3,0.9,2,Maths,5,2,4
7b595657-7fb5-4022-8ed0-ae679a69d9a5,0.73,3,Physics,1,1,3
50ca8b19-a972-490c-95c8-f6d1ab363394,0.78,2,Chemistry,1,3,4
d87789c5-bf37-4236-ba3a-fd585fd78931,0.96,1,Physics,2,5,4
c1d6064b-e2c7-4043-a057-6b3033116ec8,0.82,3,Maths,3,5,5
08f1774d-b91e-4fb6-b84e-43f5e0946dc6,0.95,5,English,5,1,3
f5dd4531-7424-460f-8977-87a734ed5ef4,0.79,5,Maths,3,1,3
4261428d-8187-4f92-a52b-e72c039f2e5e,0.96,3,English,3,4,3
5b942895-0ae8-41f7-88a9-eae8c8362232,0.99,1,Physics,4,1,1
b695e4c1-434c-43d9-a3b9-0f398e524a66,0.87,4,Chemistry,2,1,3
2b2bc392-00ff-49a0-a0a0-60af35a33f5d,0.81,3,English,3,4,5
fe3c1f58-ebc0-4549-93d8-53675600d9db,0.85,2,Chemistry,3,3,2
c711805b-fc58-481a-b0f5-0ab6b379f756,0.93,1,Maths,5,2,1
8c143d9c-390f-4dd9-852e-251c10b1b68f,0.76,2,English,5,5,1
e33c6a8d-1dea-446c-8098-d527344f7520,0.97,1,English,5,5,1
64150a44-b39b-4389-9467-4549f107346a,0.74,5,ICT,5,2,1
abc1835c-5b51-4655-a8f1-89d3d725e130,0.73,1,Maths,4,3,3
e28d0b51-3c54-4122-966c-88d4901e8e0d,0.97,5,Physics,5,5,4
0c266a3f-fecc-4994-b578-febfcbdadec7,0.82,3,Physics,5,4,3
df887321-b2fe-4afb-8b5f-627b616d81f8,1.0,1,Chemistry,3,4,4
9a44e243-ac3e-464a-bf7f-8d77bc06a691,0.8,1,Chemistry,5,3,3
48682a82-6a82-43ed-aebb-ba19d9d807a4,0.73,3,ICT,2,2,4
9c9c9ab9-a016-45d8-9577-e24c72987f1b,0.87,5,ICT,3,5,2
098b505c-2a9f-4b33-addd-2a693d655b06,0.9,1,English,2,4,3
57596109-10e2-43b6-b99f-c026ec963c76,0.88,4,Chemistry,2,4,5
aa68f43b-47e2-4d59-94b2-113dcee4b03f,0.86,4,English,1,1,4
609cd0f7-cc83-421f-950b-853e860c2c8a,1.0,1,Chemistry,3,3,4
6a392f01-3a60-4e44-94a8-fb89eb0c9953,0.97,5,ICT,1,5,3
c1b92995-703d-42d2-83d9-e433a601b625,0.88,2,Chemistry,2,5,3
62b1f2c0-a1f3-4934-98a6-4a3d74819aa0,0.94,5,Physics,2,2,5
5b69efe7-7489-40d7-98ff-348e3e4ef29a,0.99,4,Chemistry,4,1,5
485c2654-ba63-4ab0-bb12-c87b41aae30d,0.84,4,English,2,2,4
c1d0d090-23b6-4ff2-afc0-d4da83611e98,0.8,3,Maths,2,5,5
4d6371b6-5d9d-4210-b38c-61873fb0a715,0.82,1,Maths,2,2,1
4cf4d7b7-7c0d-4cc5-b1eb-eb0023dbd037,0.83,5,English,5,2,3
6152eaf2-97bc-4081-b43e-36ce3094235e,0.71,3,ICT,3,1,1
f0615b82-df02-4a69-82cd-aafec41d8121,0.73,2,Physics,3,4,5
b426d3aa-dbe5-4c3a-b044-4c01e91f2aac,0.99,4,Maths,4,3,1
c415697e-f275-441f-b02a-fed03369be02,0.85,3,Maths,5,2,4
59114546-5b88-458e-9853-6d0a4d2633e2,0.85,3,Maths,4,5,5
a8f847bd-80c7-4451-81e7-241e1eb6ae53,0.84,1,English,1,2,1
8f9cab7f-484d-416e-9d5a-8465fd36cf70,1.0,1,ICT,4,1,3
c346e8b5-b81a-417c-a085-56233c56f379,0.77,1,Physics,5,1,4
03bf0ee1-e786-4623-8a56-3b2844285406,0.86,2,Physics,5,4,3
2c972eb3-7797-462e-939d-2b2e36f1dead,0.79,3,ICT,4,4,4
3d7f7872-4f8e-4f55-91dd-a2ce161e3cbb,0.81,2,Maths,1,1,5
8128cfb1-5caa-4625-a94d-b5394c187262,0.99,1,English,5,1,3
179d842d-54b9-4bf2-8eb1-f7cf5ab259bd,0.86,1,Maths,4,3,2
a7788a80-6e74-4ffb-aab8-65d91eaf4cf5,0.93,1,Physics,5,3,2
510fd323-b1cc-4caf-b960-6a25da35dd64,0.78,1,Physics,3,5,4
9dfe60ce-443d-40f1-aa31-9f3aa1e03427,0.72,4,English,1,1,1
2c8719e1-ac97-4336-95af-547d43bb2120,0.74,5,Maths,1,2,3
84e2be2c-10e0-4e80-912a-526c5733222f,0.97,5,English,1,5,4
3102061d-115f-40ca-9709-858ba98b1644,0.94,2,ICT,1,3,3
3685051c-75bc-4f77-ae32-d3ee3239959d,0.77,2,English,2,3,1
b07cce94-4297-4a50-bf38-fdb72c6583e0,0.75,4,ICT,3,1,3
4827be68-7b2f-4da4-89c7-ab722ff4214b,0.99,2,Maths,4,4,5
905c4ea7-79cc-4cb7-abb5-3f37d372f516,0.76,5,ICT,2,1,5
8dc3b2c1-a677-4247-898a-849f7a899e8c,0.87,2,ICT,3,1,3
505ef730-245c-4576-864f-7dd47c013abf,0.89,1,Chemistry,1,2,4
8289e1cb-d85b-497f-837b-649cb386b3af,0.94,5,English,4,1,1
ebd4cab3-4dc5-4114-a202-9dc63469bcd0,0.77,4,Physics,2,1,3
c333267a-2d31-456f-9c12-c1c337fc1a0f,0.88,1,ICT,5,4,1
a4f5ed3c-fa95-4bbf-b5aa-f039c5988067,0.86,4,English,4,1,4
666f0091-e963-4729-8042-f5609819efd4,0.99,4,Chemistry,4,1,2
6138a7e9-9533-4141-a12e-1c20582d5740,0.8,3,Maths,3,1,5
571e704b-09c3-46de-acec-4117074fb525,0.75,5,Chemistry,4,3,2
acaeb20e-dd2d-4219-b354-9613bfad4c59,0.99,3,Chemistry,5,5,3
8e5a10d7-3386-44c3-a032-a805a8654776,0.87,4,English,4,5,1
f710e0f1-6125-484b-b055-16e1787d1c14,0.76,4,Maths,1,2,2
31a03c60-689c-4e0e-8fdc-59636ef2141c,0.91,1,Chemistry,3,2,1
1920c4c5-cffe-44ac-b891-165c7f0bbc7d,0.97,1,English,2,1,3
a8ea596d-b0cd-40bd-a165-9b18f4e04fd2,0.71,3,Physics,1,4,1
d6aa999d-51e4-479f-bdf1-84acda11d332,0.98,4,Physics,2,3,3
16b344e0-14a5-49f5-a7b0-80a0e1b2716d,0.96,1,Chemistry,2,1,4
17813317-f321-4da1-8bcb-9c2fdaaf2adf,0.95,5,Physics,5,3,5
f9f180cd-7ff6-4ccc-8212-be554db35f6d,0.73,3,ICT,3,1,4
f046ead0-88a6-4e33-84eb-c0d080d87e24,0.83,5,Physics,2,1,5
a4d63a97-3b09-49dc-9841-4c728ab99f81,0.9,2,ICT,4,2,1
f4a72563-8995-40b8-90b1-dd12ab15c538,0.95,2,English,4,5,5
fb99112e-4a22-4476-bf34-e6ca41fdd578,0.89,1,Chemistry,3,5,5
7d215ab5-1ed8-4e41-8abf-61c1d65ec8b1,0.72,3,Physics,5,5,3
d0ac3bca-58f0-4193-99f7-3eceabb8e062,0.93,3,English,4,4,1
df8e660b-0b93-48b6-a480-46e75b7407cb,0.94,4,Chemistry,3,1,1
002f9aba-4f13-483a-a11d-7c7447e8d575,0.73,3,English,2,3,1
13c5ae39-c1e4-41dc-9199-107e534a5085,0.84,3,Chemistry,4,3,2
231a0aac-d187-4fcb-96cc-c3588fe2ec43,0.83,3,ICT,1,2,3
e2950854-7470-472c-9a55-0a470c3634d2,0.75,5,ICT,5,1,4
7d2b7c27-cdf6-4a5b-b638-5460daaf3401,0.92,3,Physics,4,1,3
c6d952ff-6231-4a86-a6bd-9a5c8e502241,0.78,4,Maths,2,4,2
af70221f-f566-4821-bf42-ed10270523d2,0.74,1,Maths,3,5,3
f45b3745-1a48-4f90-b595-58ec9fa1ffb9,0.94,1,ICT,4,3,2
301cbf65-a5f6-4a6d-9c56-97272afcef20,0.78,1,ICT,2,4,5
f37128a0-e55b-43fb-a6c2-49bcb9a4aed5,0.89,2,ICT,1,3,4
9b776704-0b8c-4b7c-8804-b3cce0566b95,0.88,3,English,4,4,1
54b8eb32-6918-4969-a381-ab4004a2ac0d,0.92,4,Chemistry,2,4,2
2f1d5938-deee-4285-83c1-b7a793a56fe3,0.9,1,Chemistry,2,4,4
4a9a8011-0329-41d9-be70-e59d69378609,0.77,5,ICT,1,2,2
e033b6e5-77a8-49ca-9ad8-5e60b5e94ba3,0.8,1,Physics,1,4,4
a15b0179-809b-4744-87ff-3d5149b3ae82,0.77,5,ICT,1,1,1
bb1d173f-cc93-41fa-aaa2-3a1a332721da,0.85,4,ICT,2,1,3
71c71511-ce99-4987-bee8-5abfa1556e07,0.79,5,Physics,4,3,4
27de7c11-933b-4d8e-ac94-0e1711ab5747,0.88,3,English,1,1,2
1c39cac9-27f5-43b3-8fc0-2ce47749d0ae,0.78,4,English,2,1,3
fa2534b9-317e-4cde-8104-7d8d0a081985,1.0,4,Maths,5,5,3
b6f70e5e-c75f-42f0-ada9-274bea4a8f18,0.74,2,ICT,3,1,2
cb671b5c-8520-42ce-852f-e5f5bb9b5e90,1.0,1,Chemistry,2,1,3
51165b14-8b8f-48fd-a456-b4e2c67eaba5,0.89,4,ICT,4,5,2
163bf9a1-a33a-4fa1-9242-819461ce109c,0.94,1,ICT,3,2,4
cd2739a8-011b-4bd0-86fb-2d301500934e,0.86,2,ICT,1,5,1
b5c9b718-bd9d-4926-bb96-0c5c9a30bf1a,0.83,1,Physics,2,2,2
6c10d06c-18de-42fc-a093-b7958bcdce8a,0.8,4,Maths,4,1,1
e54e0e39-db56-4587-985b-917f4075cb62,0.83,2,English,5,4,1
860c34b6-13ed-4581-8dea-063effedce04,0.92,1,Physics,3,2,5
6a8d2035-0d3b-4a55-9ba8-1c033c24ac96,0.79,3,Chemistry,4,5,5
cd21c141-95d1-4277-96fe-d58c56ea90c6,0.73,3,ICT,1,4,1
18f1d472-0f91-4425-b10d-8e62cf07e0b4,0.9,3,Maths,4,1,3
6a4f9c09-645d-46c0-ade0-e36f251ce6e8,0.84,4,Physics,2,2,5
2ae4f257-884e-4142-befd-dbe5b89969a7,0.87,5,Chemistry,2,2,2
bc9964f9-5617-443b-ae0d-d1d8298fec81,0.72,3,ICT,3,4,3
c2e79b29-2342-46bb-9dcd-897b922b091c,0.84,1,Physics,2,2,4
77f41727-6fa5-4ee5-9ca5-20a093f68e2d,0.87,4,Maths,4,1,4
d668dac2-44b3-4243-b45b-756009b98e16,0.93,2,Maths,4,5,3
950db230-241e-4d0a-abaf-297533472b0d,0.85,2,English,5,2,3
e3d0f75f-ac77-4c59-abf2-dccbb86a8135,0.88,1,Maths,4,5,4
30579b06-a08a-4f40-9387-47879293cfab,0.97,3,English,3,5,5
b8b2851b-2089-4a78-8db3-323b5d4473d0,0.94,5,Physics,4,2,3
a8abf85c-6fed-442a-a9ec-80d3e6222298,0.78,2,ICT,5,3,2
97937913-a803-430e-9493-716b95d389bd,1.0,1,Chemistry,3,1,1
7ab5336c-7db8-4360-be75-fb07fb7cb475,0.8,5,English,3,2,2
4118e6ad-c508-4efe-87b7-f773efd32b8e,0.91,4,Chemistry,4,5,3
9f5f69d4-9949-4765-a8bd-676c05e4f0d7,0.76,4,Maths,2,5,5
9f75be6d-5c5f-43ae-9a65-06c7adcb232d,0.81,5,Chemistry,1,5,5
da3f7335-0ab7-4604-a3ba-0d5e1f5b3fdb,0.71,2,Maths,1,3,2
045d2ef1-c090-448e-8104-606130670dbe,0.97,2,Chemistry,4,1,3
b23718c2-4f8d-4b38-825c-b378588d7c6f,0.71,2,ICT,2,4,5
4b218e9a-b44e-4a88-adc2-56f601a12c46,0.76,5,ICT,4,4,2
ea283adf-5e32-43a3-823a-829484e56449,0.71,2,English,3,3,3
a1fe1542-3d68-41b1-a7a4-8c4e5ff82e98,0.7,4,Chemistry,1,4,5
78add56b-178b-481a-81e7-ef6241803923,0.72,1,Maths,3,5,5
cc82a2ac-bd96-4c20-bcc0-b060af03c7e9,0.86,4,ICT,2,1,1
43db03c4-06b9-417c-bfb4-406d1a1421d4,0.79,1,Physics,4,1,1
d075f997-7fc2-4b3f-9575-344ea36aeb1f,0.98,1,English,5,4,2
576a1107-3dc2-4d08-8a1a-5a74def97bde,0.91,5,Maths,4,4,5
7878d5b9-bf4b-4b2e-862f-8909128abd72,0.78,5,ICT,5,1,4
37c9cec7-8e86-44b0-9c1f-5441bac9fe41,0.93,1,ICT,3,5,4
e73c0be9-fb8f-41ed-9081-69f96e2aac85,0.96,5,ICT,3,5,2
1def96c1-bff0-4e8f-938c-32a5e0b6b76a,0.86,2,Maths,1,4,2
cf13e490-c4d0-4153-ad4a-b6ab001a9673,0.92,1,Chemistry,5,1,3
9f658685-c5b8-4414-b665-9d314cff7ae6,0.73,5,Chemistry,2,2,2
76671d7f-d7b4-4bee-a7b1-3e63a6247580,0.82,3,ICT,2,5,4
fcda4dcc-88ca-4433-8541-e637ef50f367,0.87,2,ICT,3,4,1
9ddc525d-afb4-4929-a99b-79e3e7377cf0,0.79,2,Maths,2,3,1
497837ce-c51b-4598-adf6-a7b55ac2418a,0.78,2,Maths,1,2,4
184ee03a-b5d5-4cc2-b197-df07099a8ffd,0.87,4,English,1,5,3
de113253-d3be-41c0-9d02-f8e4141f4a09,0.99,1,Physics,4,1,4
3a98d642-108b-4eec-9449-a9e79ab17f6d,0.94,5,English,2,3,4
69c4049f-95ed-4c78-b23f-97cccbbf327b,0.74,3,Maths,5,2,5
e7ba5847-9f07-44c6-8d8e-63b04f51bb15,0.88,5,Maths,1,3,4
11b08b9f-5e68-471f-9300-cc6d0425910a,0.88,2,Physics,3,5,5
edd2a46f-9e44-4922-99f9-a9c9683cb559,0.84,2,Physics,5,3,4
0d21a9c7-8a6f-4a6c-9b92-83e56bb2c545,0.96,3,Chemistry,4,5,1
0722cd8d-8469-4f0e-82d9-26697472ea0e,0.77,5,Chemistry,4,1,1
d4ecf740-ca98-4a32-b29d-f08d065a403f,0.82,4,Maths,3,2,2
bf7e0f8a-03d0-4d23-8cf9-a3373c55a635,0.92,3,English,2,5,4
01eb4821-49ee-4ce3-951d-1f09666ad382,0.82,5,Maths,3,5,4
e9912a68-47a5-46bd-9f0a-c9cba9cd7cf1,0.8,2,English,2,3,4
b99b8c2f-c350-489d-8828-04f3cbf798fd,0.75,3,ICT,2,2,4
54dee08f-9182-44d3-a284-8e7da218770d,0.9,5,Maths,1,3,2
31fc0a65-ac83-4ad5-b502-2ff47f89e35f,0.73,5,ICT,1,2,3
fa8ca229-ed83-4299-b142-56da7512b47a,0.9,3,English,5,3,1
2786c857-6f15-421e-acad-d4ac89226efc,0.97,2,Physics,2,2,2
6289853b-61ed-4443-9de2-88c9386e3478,0.99,3,Physics,5,4,1
95a031d3-4ad0-4767-9db0-be39307e2f4d,0.98,5,ICT,2,3,1
50393739-2f88-454a-af62-ce27f41eb48e,0.86,2,English,4,4,5
142da526-9b8b-4803-806e-94108ec294b6,0.91,4,Physics,5,3,2
b662629f-8b0a-4a2b-bc99-b001fc56c257,0.73,5,English,4,3,5
4d0edccb-a0dd-4e33-9ea2-617656179190,0.78,5,Physics,2,2,5
9bf49c79-dcbf-40f9-bd94-23670920318e,0.74,2,Physics,4,4,4
1e52dea5-7cbc-4bb5-b632-1be5b33dce01,0.91,5,Maths,5,2,4
c8f091a3-26a1-4406-a131-207f2847bc18,0.94,2,ICT,5,2,1
a543dff1-ac46-40fe-95cb-e99b240a08c0,0.77,5,Maths,1,2,2
3790aa7f-3a27-4e29-a01d-a9b7dc237e4a,0.99,2,Physics,2,2,2
d38e67fe-e8d1-4945-a546-87da0e62820a,0.9,5,English,5,2,2
14603068-14ae-49a5-a449-8956bcb3f438,0.88,1,Maths,1,1,5
87606d3f-036d-47c7-876d-abee65262b5c,0.94,2,ICT,2,5,2
fdd47be2-ea8a-4366-b4ee-ace4c059e985,0.88,4,Maths,5,5,4
435a6ddc-09ac-408d-862a-174c678a4d49,0.7,4,ICT,2,4,5
c3a53852-7206-4b70-8c0d-72f59c9d090d,0.86,4,ICT,3,1,3
2db7ca63-3e8a-476c-bc97-7995a84af08e,0.84,2,Maths,4,2,4
9d7cd2ee-410c-4c69-90b3-d420f3db9bb0,0.88,2,Chemistry,1,4,1
d3024e39-d9b3-46ea-a265-1a93e2c6e1e1,0.77,4,Chemistry,2,1,3
18409476-acc9-469e-9732-123b89ef222f,0.92,2,Physics,2,3,1
f3826a1f-7e71-4f01-ac68-29f7e0c925c1,0.98,4,ICT,2,2,3
c7df66ee-593d-4576-b736-9b10e0e588e5,0.82,2,Maths,5,5,4
4d0d7396-f4d4-4809-b470-4c1469284953,0.72,4,Physics,2,1,1
4ac85779-7651-44a4-a6e1-4b505d5b0645,0.82,1,Chemistry,5,5,2
ea2ca72c-a367-4363-b313-64fad01a87a1,0.82,1,English,2,1,2
70126302-2e7f-44b0-98dd-a49180bffbf4,0.81,3,ICT,1,4,4
5f4f1474-6586-4c5f-a2b5-1bd09a2ba4d6,0.77,2,Chemistry,1,2,3
9ccc6d72-d038-4747-a31b-cb58a38e5561,0.76,1,Maths,2,5,1
3c5e5c9f-231d-4fba-9243-b5c9b0ea6424,0.76,5,ICT,1,3,4
a3911c7e-cf13-4a0e-b449-cc69da29e377,0.86,2,English,2,4,1
1c512484-ea4b-48d1-8212-43f432ca6a47,0.79,4,English,3,4,5
678285c6-62aa-4887-a838-38bb699c4883,0.94,1,Physics,5,2,5
478dda4f-960d-4461-867b-215adf22189c,0.96,1,Chemistry,1,1,5
6fe94929-f7b8-4e42-bc19-52d35423f888,0.83,1,English,2,2,5
e498a109-02ea-4696-aa54-8c7842ae6d81,0.77,3,English,4,3,3
ceb16130-cb2e-4704-9492-61151ad960ac,0.76,4,Physics,3,1,4
6916e72c-a26d-4fb0-9d66-ccbbd3e67d2d,0.88,1,Chemistry,3,4,3
85e960f7-10dd-48ad-8ce5-3d65da3391ed,0.9,1,Physics,1,3,5
5e4e7e05-4df3-4ce6-ad5a-42b3fa9653f0,0.81,2,ICT,2,5,1
9dfc39bc-ca25-482c-b2fb-7a6240d23c2d,0.91,2,Maths,5,5,2
fadcdfde-a2d5-47c0-8514-18e82fc7e7e7,0.9,4,English,3,1,2
0b55632f-18c4-4a75-bb93-c7cf86bd9567,0.9,1,Physics,2,5,2
789b5fbe-f6ee-4a29-aa94-e522d3b53927,0.97,2,Chemistry,2,4,4
548aba07-5511-4f11-8bc4-5ef9f2a4821a,0.87,2,ICT,1,4,1
c87c1c3e-7384-4c71-88a1-a1d2ef8616a9,0.94,1,Chemistry,5,3,4
b1f3e1be-e2b8-4a11-9bf4-f04e098ef9f1,0.87,1,Physics,4,3,1
fc872c77-06f4-404a-a7aa-d99cdf60a9f8,0.81,1,English,4,1,4
bc28b3bd-f980-4c6e-ac67-efaeb32dce82,0.97,2,Chemistry,3,2,4
a77a5725-e0f1-448e-9abb-4a3791f97a09,0.92,4,ICT,1,5,5
c28f97af-37ed-4806-aced-c045416422db,0.9,1,Physics,1,4,4
267054bb-af22-4deb-a63c-7f66ec2085d6,0.73,5,Chemistry,1,1,2
b6fde96e-2aec-4c8f-b26d-9eeeb6f6aa9b,0.86,1,English,3,1,1
12327132-d434-48fe-8bd8-3f64ec1576f0,0.98,5,Chemistry,4,1,5
6d148276-8ccf-438d-9d4a-b47fccbba8f5,0.98,5,Maths,4,1,1
ab4558d9-fecc-459e-9253-d2b4cfebd34e,0.84,4,English,3,5,5
7e51e518-d2cd-4483-a58d-58e56bef434d,0.75,3,Physics,5,4,1
69540087-43a6-46c3-af02-31102273efe4,0.9,1,Chemistry,4,1,3
bb04b285-91e3-4a08-a63e-01c08e1bccae,0.81,4,Chemistry,2,5,2
dcee0df2-3859-4210-8118-e61f5ad1f77c,0.76,2,Physics,4,4,5
bdaee40f-00c6-43d5-88cb-3816684a23b9,0.85,2,Maths,5,4,1
153ca2ea-001b-48fc-ae9f-6715d1ab31bb,0.98,2,Maths,2,4,4
6133d97d-285a-4d8d-8062-3d2109780af7,0.98,3,ICT,5,3,5
818dbbef-63a7-4e37-a126-cb8bc8bc37b2,0.98,4,Maths,3,1,4
a1a60a97-3608-4f78-8154-71dfc8fac209,0.77,2,ICT,3,4,4
4fc6bfd5-3e30-4acf-8894-5d8e869fe474,0.98,3,Physics,2,1,2
7e2d5fc6-4613-46ee-b42c-c32608d669cc,0.81,5,English,5,5,2
27438f7f-8d76-4e67-aaa9-39c550d5cedd,0.94,5,Maths,5,5,5
87d38b43-6581-4674-ae93-3e3e99554482,0.85,5,Maths,2,4,2
aa7b98e1-79d1-436a-9810-839f6995471e,0.79,5,Maths,1,4,2
ec20b5ef-5daa-402d-9df6-8a20f04b30d7,0.98,2,English,1,1,4
8b094d26-4cfb-4704-80ce-8aff6f762a9e,0.79,4,ICT,5,2,5
7e0f6459-f02f-43ff-ac13-261e20841d2b,0.98,3,ICT,5,3,4
a79bb091-b1c9-46b0-9b21-2017f5807f7e,0.93,1,Maths,2,3,4
712115ac-8e03-48a6-9e10-181ea22914f6,0.9,4,Physics,2,4,5
d3de3eb0-dfaa-47c4-a3e5-06a761fd6741,0.82,3,Chemistry,4,4,2
d6b995cd-5d13-4186-96c0-37171e9595fb,0.9,5,Physics,3,3,4
dc940cb3-0c35-4644-80d1-67a9eedfed64,0.95,4,English,3,2,2
e650f703-60c0-4a77-a000-22f778ce91c0,0.83,2,English,2,2,4
a10086ff-a2d3-4b40-b4fd-2adbbaad2e5d,0.76,4,Physics,1,5,3
2dcca3bb-a64f-4b3c-bdd0-b877ac879ad8,0.73,3,Chemistry,3,4,5
61b88317-ec8d-4307-a314-ff2c3e993a8c,0.72,5,Maths,3,3,2
acf5dfe7-97a5-48a6-8148-9e20bcdb9440,0.9,3,Physics,5,5,4
d832d4a7-1f7a-497f-985f-00120b1ed7c4,0.99,1,English,3,4,2
7172e299-2106-4d50-966b-601bcd8cc09f,0.85,4,English,4,4,1
f365b7d3-8484-42ea-b14a-5271bb4511f8,0.71,5,ICT,5,2,3
5c552876-54b7-419d-a809-59dce70ce683,0.89,3,ICT,5,2,5
98dcb3d7-7823-403f-a0fa-2ab6c9e81e9a,0.95,1,Maths,1,3,5
8a8809cb-a2fd-4063-8946-c430efc3bf17,0.99,5,Physics,4,2,3
4922fb52-ed14-4e33-bb63-3f320c9a8570,0.71,1,Chemistry,1,2,4
4a4d61d4-4986-4d1f-808b-960ea30fd8f1,0.83,3,ICT,3,4,3
3785db34-7c8a-4312-8efa-ae8f9c34655f,0.89,5,Maths,2,2,1
3cb5d61e-c733-419c-b7ae-6d6027089585,0.97,2,ICT,2,4,3
b9384b3d-43ba-43bb-88a0-69a5486de92b,0.92,3,Maths,3,1,2
c736e00e-3f1c-4892-ab35-db928f9e0409,0.76,1,ICT,3,5,2
479d4ae0-cb6a-4256-a10c-2640a34dbef5,0.79,5,ICT,5,5,2
311f90ea-5402-4ac9-a8c3-1e7287f05a00,0.75,3,Physics,2,4,2
6975bdf5-6156-4a83-8c78-230ba48b400b,0.82,1,English,2,5,5
3dead4a6-eb26-4c45-b1c7-b08014334d77,0.7,4,Chemistry,1,1,1
7b0d72de-517f-428a-961b-041a48b60998,0.96,3,Maths,2,4,3
4c6bbd71-be3d-461d-a64a-511a0d04c94b,0.74,5,ICT,1,1,1
f944c344-a972-4a62-9699-2777b99f1ab6,0.98,1,Physics,3,4,4
eb128857-f6bd-437d-ace1-79f334882e60,0.81,5,ICT,5,3,2
4ae34dd9-776d-4b53-8c82-524315811230,0.91,2,Chemistry,4,5,1
ba84b82d-a47f-4211-8ccf-41c526508f0e,0.77,3,Chemistry,1,5,1
aadb3f55-8f2f-43b0-86b1-bb0eecafdb65,0.7,4,English,3,5,3
a703a0ee-2606-46b5-a8d3-aaa4564185bc,0.84,5,Chemistry,3,5,3
e8ea646f-5180-4ab8-8c08-bb68158697b7,0.93,2,ICT,5,3,3
c8546da0-7f2e-454c-a17b-a5c90707d165,0.82,4,ICT,1,3,5
81f39d12-293c-4d11-817a-0096b9666181,0.98,5,Chemistry,4,1,2
cd2fe6ca-af91-44ae-8408-f5aabc0429a6,0.97,4,Chemistry,3,1,4
19831ca9-d641-427f-98fa-95dab1331fbb,0.85,1,Physics,5,1,2
c0cf5303-21b1-4390-a3bc-da6f9457951a,0.8,5,Physics,5,3,4
14ce0e29-25bf-4482-8bda-17bb9e0178f2,1.0,4,Chemistry,4,3,1
ad98a6d3-652e-4b65-94c2-cb74c47f077d,0.97,5,English,1,4,2
4e7a637c-bfce-4330-aa98-72b0f9a32f4a,0.76,5,Physics,3,4,5
44b25066-09ce-481c-b7dc-6f5badfad944,0.93,1,ICT,1,1,4
12e6dcd4-e651-4ca7-9531-5f6b6d4b0fbb,0.72,4,Maths,3,1,5
90ec209a-fd9c-4aac-86bc-3b70a0157a37,0.79,4,English,3,3,5
e89dd79d-87db-4092-a040-8e68590e85f0,0.79,4,Physics,4,2,1
334c6c88-a0cb-4feb-94a8-ee7a48e0b328,0.99,4,Physics,3,5,5
584abced-de5b-436e-80c4-fd3ede0cc715,0.96,5,English,1,3,5
9385e2f6-c73f-4161-85e0-296cdbdc03b8,0.91,4,Chemistry,3,1,2
3c3109b6-0e30-4026-a4d9-eb2e917d64e4,0.9,1,English,1,1,2
cb108dc5-6fa0-4ea9-8f16-acae828fac7c,0.96,2,ICT,3,5,2
2bfc555c-bd2f-4b9d-b9a2-79b453eb555e,0.89,4,English,4,4,1
4ad73a7e-06a0-4f6e-8bb3-b90f60fedf85,0.9,2,English,3,4,5
2932a9ac-5fa2-4511-9174-2c05fddcc1d3,0.74,5,Chemistry,4,2,5
942f4ca8-6610-4674-85bf-f67f6bcde723,0.98,1,Chemistry,4,5,2
f39dbff1-efc1-4d20-82ed-2869df4f0a6c,0.74,4,Physics,2,2,5
009a5ee6-0be0-4883-941b-472852895050,0.96,4,Chemistry,3,1,5
9b3869c7-ba8d-40ea-81e7-42725896f5f3,0.89,3,Maths,5,2,4
36e813f0-03a6-42fe-87c7-30b73a8c8e0c,0.77,4,ICT,4,4,2
f0b92df9-d863-44a1-a79d-c2fa626019f4,0.78,2,English,5,4,3
334aaaac-80d5-46ae-819c-05b600577979,0.85,2,ICT,4,5,1
f0f72ae7-1e4b-47d3-90fb-8d95092ecc3a,0.91,1,Maths,3,5,2
de4e1fd1-8e0b-4b07-831e-6ec5c0affece,0.95,2,Maths,4,5,2
77c8d529-24ca-44e4-b106-fd7f46043d79,0.8,3,Chemistry,4,5,1
cdef5d7f-c1ad-4362-8741-14465d5b17c2,0.9,3,Maths,1,2,5
b75724c3-0ae5-44ff-bd17-c21a96617d52,0.92,2,Chemistry,4,1,1
107716db-41a9-48cb-b591-850b942f26c6,0.95,1,Maths,1,3,2
d8c65a05-79ad-418b-b44e-c03f2357d487,0.8,1,Chemistry,3,5,4
3ec107da-7006-4523-b076-bafe7c4f9eed,0.92,3,Chemistry,5,2,3
e249c9d2-6471-4fd1-aab5-521523b6ef7a,0.78,5,English,5,2,4
6829acba-46b5-48cf-98ba-f546a7ad2ed2,0.86,1,Chemistry,4,5,3
e1b61d7d-e61d-44e0-b925-7b2f85e027ac,0.8,5,Maths,2,4,4
388ee0e7-9365-4f93-a151-bd9e90189e27,0.85,1,English,4,2,3
d5612cbf-003d-4aaa-933b-596833cec7a5,0.92,1,ICT,5,5,4
4384ed4d-46ec-4102-ba7a-8fbe3e03cc24,0.91,3,ICT,1,2,2
095054a7-ebc5-43d2-9e88-44d26ff7a97a,0.88,5,English,1,1,1
849c6e5e-ffa3-4622-89ba-44749a5ab255,0.96,5,English,2,2,1
d8aedb49-5899-4e37-8817-d9f4343d082f,0.91,1,ICT,2,4,5
51860064-b3e0-4719-9d73-da168542e051,0.85,3,English,3,5,4
cb8313fe-42d0-4be0-ba87-3f1590feeb30,0.93,4,Maths,4,5,2
90c7af34-d0eb-4940-b1d7-1b188210c938,0.92,5,Chemistry,5,3,2
81d48497-a0d9-4bfe-bd45-0ce1827b1a20,0.85,5,Maths,5,3,2
4d58524a-8e33-4b1b-9900-c5cee76b28db,0.84,5,Physics,5,5,1
9e01fe04-e7e1-4b09-bf55-e6b8d41d0547,0.95,3,ICT,4,1,2
4430d43c-d3a7-44ce-bd7b-68ef0800ab2b,0.87,1,ICT,4,2,2
e72a7232-309b-4e35-b83a-a37e780c38f0,0.99,2,ICT,2,3,2
50d119a9-2404-4f26-8695-ce297a658e4d,0.72,3,English,5,3,1
606ca945-b077-4222-ba43-e02857cee36c,0.74,1,Physics,2,3,1
51711742-f19f-45a4-a383-e63aaf74b503,0.71,3,ICT,2,4,1
b236dab2-cf72-4e40-9cc0-b6e2d606e452,0.81,4,Physics,3,1,2
f8788fff-df90-4c28-afe3-65313ac96d26,0.87,5,Physics,2,1,4
700a7b73-4684-45c6-ad01-926d81939df3,0.86,1,Physics,2,4,5
57c40360-416c-4059-a8fa-cf03cf5d9f97,0.89,3,English,5,1,4
2d7e87ea-d111-4e53-854c-0d1f664da67a,0.78,5,English,3,3,4
1111bb19-8387-46f3-a8a4-34187e385855,0.83,2,Maths,5,1,4
b07f6e0b-cf3d-4096-bbdb-9f2cafb3235f,0.92,5,English,5,5,2
e4e85f77-b30b-4468-b4a5-99b732335ce8,0.78,2,Chemistry,1,4,3
da37398b-d08d-48b4-a0c2-521203280ba6,0.71,4,Chemistry,2,3,4
5e9b9fa6-e3bf-47c2-b38d-b83ed1f7a5f2,0.72,2,English,1,5,4
8e3155f1-0f89-472a-a789-cacec5240efa,0.85,3,Maths,2,5,3
a352ec86-14ce-40f5-a7b8-73b09220ba98,0.99,1,English,1,5,2
ae71392a-cfe4-4f5d-8acf-f24375425db5,0.71,4,Chemistry,2,4,1
2f5f5eec-9abf-479c-8e43-fd0887d257ad,0.71,4,Physics,2,5,1
487c1b6b-7755-4cc6-b53e-8ce66549447c,0.82,1,English,1,3,1
c0c44f4c-7a69-4312-98a1-43bd651d18ab,0.83,2,Maths,1,1,1
ff193563-034c-4628-a133-8dc433830a2c,0.88,1,Chemistry,1,1,4
2e81ee37-6d2d-4676-bb73-057cd4845892,0.86,5,English,5,1,4
3055fc86-201a-42aa-97f6-c91ac040c7be,0.88,3,Physics,2,3,5
77c4ea18-32e8-497b-aea0-59d471de3be0,0.79,5,Physics,2,3,2
2b3d534d-f72b-430f-b464-a415cc049fc7,0.96,5,Physics,1,3,5
3e851a81-0353-45f9-a5f7-e7079770a46c,0.88,4,English,5,5,4
c39e36f2-4afe-4b70-9fe7-977cedc428dc,0.81,1,Chemistry,4,4,4
7dc17125-05a2-4138-bcf0-21d10c42e8f0,0.85,4,Maths,2,1,3
495cfd9e-3bed-428a-903e-73e47554bba1,0.72,1,Physics,4,5,2
ec027717-1c6d-4b62-9fc1-c650032317e1,0.76,1,Chemistry,2,5,5
d84d9042-46fd-4da6-9e62-2a09cb5ca40d,0.83,3,Chemistry,5,5,3
575ac4d7-edfc-4e4b-ac69-5d057ce4b6da,0.95,1,Physics,1,5,5
8d63d7d0-3a4b-47dd-8789-87fd88b3dbfd,0.96,5,ICT,3,2,3
4e667415-921c-41ab-95fd-bd39228cdb45,0.99,3,Chemistry,5,4,1
c18bbed8-2737-42e6-beed-cc420522650e,0.71,2,Chemistry,5,5,2
9f40b3fd-4514-4b36-97b9-deca6ecfec98,0.74,5,Chemistry,5,3,1
62f78c5b-7cc0-44bf-b69e-3e953114a282,0.98,1,Physics,5,1,2
f1f83bef-ff68-48c7-a3d8-d4d0f902fd2a,0.91,2,ICT,4,2,4
03d0e468-24ef-4995-bea9-7126218448ae,0.97,1,Chemistry,4,4,3
dac7ab04-aec6-4ffc-87ee-dcee15cf1484,0.76,1,Maths,1,2,3
4149dea1-1146-4178-b25d-f93926e356ef,0.77,3,English,3,4,3
28af7a11-c0f9-4738-b0c8-77a086a4e2d6,0.92,4,Chemistry,2,4,3
02e6bec2-291d-40e2-8645-6b2782dd7618,0.75,2,Maths,1,1,1
34b71fff-33c3-44b3-afd7-ffd9b68c069c,0.74,2,Physics,4,3,4
e534bbc9-82bf-4ff4-af5f-c0c336c1d917,0.88,2,Physics,5,1,2
0ba1294b-a9cb-4e66-aea4-3fbbe6a26abf,0.89,5,Physics,2,5,5
e0d7be42-a33b-43a8-bc6b-765edb77be69,0.92,1,English,3,1,5
a2391c7c-2717-49a9-bedf-a19d7c1fd235,0.9,1,Maths,1,4,2
999d2934-5e14-4f36-b666-ddf46cafa15b,0.99,4,ICT,3,4,3
9ffafefe-8210-402d-89c5-74900a169eeb,0.88,3,English,4,4,4
f1e38153-067f-4069-973f-1030a8083631,0.74,3,ICT,1,3,1
a2d7ea88-1354-4f09-b7d7-456cbfaf550c,0.86,5,English,2,4,4
0f0903df-532e-41f6-b670-b1969e3eed5a,0.77,2,Maths,4,4,3
4b92e26b-40fb-4de9-8d98-07ceb6a28360,0.97,4,Physics,1,5,3
ae8b9d20-6afa-4838-bb32-3ba80a9b8b3f,0.79,3,English,4,2,3
d1176136-9947-4a23-8fcf-64593f00abff,0.75,3,English,1,4,4
b68db476-bbe7-465d-b5a5-7b3427eef081,0.88,5,English,2,2,2
a3b9de90-2766-40c8-a935-d279a53ddbe5,0.94,2,Physics,3,2,4
837c447e-c44f-4ae0-8c63-e709b6ed8b79,0.86,5,Maths,1,4,5
8cdc1893-3ee6-4480-b6fa-ba8461d1130d,0.82,5,English,1,1,2
9e81bb9f-4cf7-4889-a8df-377af0a35de0,0.75,3,Chemistry,2,1,1
392f5e49-7bc0-4b8d-a166-d7a28f257b10,0.97,5,English,1,1,5
dbe36118-0e1a-4d79-99d2-a3982c2750fb,0.78,5,Chemistry,1,1,1
cf37fc7e-d530-4303-8346-d433d1e26f75,0.84,5,ICT,3,5,5
c5151c2c-68d0-44cd-92d1-7214594a30c5,0.95,3,Chemistry,4,1,5
486a07b3-f58c-403a-89ff-924e9e3b9791,0.87,4,Chemistry,3,2,5
de61659c-7f1b-451b-9250-3ee53012f6ff,0.98,2,ICT,2,1,2
00b504a6-406f-4dac-b15e-980bdcac62d8,0.75,4,Chemistry,4,2,3
8ca37536-64a9-42fc-ab14-a46426414e08,0.92,1,Physics,2,5,5
946f680f-fb54-49bd-8ca0-44f21c5a209e,0.71,1,Maths,5,4,3
958d1e37-4524-44de-aa53-47a561042ce7,0.76,5,Physics,2,5,5
91b6ef58-8ae7-4f89-a326-c88e7a89c2f6,0.86,1,Maths,3,4,5
772a218e-6ab0-4dfd-aaba-d5cf6797211c,0.96,3,Physics,4,1,2
d27d9f0c-582c-4a09-bf2f-722a333e42d3,0.72,2,Maths,5,5,2
37c6aa09-0391-42c3-816b-d5dae98520b4,0.73,2,Maths,3,3,3
dd742e31-45c5-412d-9657-6eafeb7d9df4,0.99,3,Chemistry,5,1,2
00bca8a8-b5a1-4b2e-bae5-81172c14b287,0.79,4,English,4,4,4
4ceb7b1f-9249-485a-86a5-d93227a6e106,0.84,1,Physics,1,4,1
ba524bf7-ca92-45e4-bcc2-ed7264f9a48a,0.9,5,Chemistry,4,4,1
739732c9-29a7-49b9-bf31-7ae49d5bce0c,0.84,2,Maths,5,4,3
d10f706f-7295-446c-bc3b-eae1344083ad,0.91,4,Chemistry,5,5,2
9318198b-f830-481c-88bd-25a3860beea7,0.98,5,Chemistry,1,1,3
f79b2301-6bc0-40d5-ab72-e80563de34a8,0.75,5,Maths,5,4,1
ca961e23-9ccf-46cc-afd1-7da88a4c5170,0.94,3,Physics,1,3,3
6de8beb5-7a16-49ee-97fe-5790f617f841,0.97,1,Chemistry,5,3,5
273fa62d-f132-4bac-b5e2-698017c2eff1,0.97,2,Chemistry,2,5,5
107a315b-14a3-48e7-8279-01d50017385f,0.8,1,Maths,5,2,5
fe684106-c772-41c8-a6e4-bc7ef8aedafa,0.82,5,English,4,2,1
377a7846-a58c-4c64-9d3d-796d123dc6fc,0.97,3,Maths,4,4,4
de482ecb-e045-4758-8291-46873060f594,0.71,4,Chemistry,2,1,3
a42d3169-3d22-446a-818c-13c662985f8f,0.94,1,English,1,4,1
3b045b9b-623b-4545-89d2-e86337cc6239,0.72,1,Physics,3,3,4
a0a3c96e-adb0-4710-b883-b3b52639d9b3,0.83,4,Chemistry,5,4,2
0869a592-b04a-42dc-8b46-179e9723f970,0.95,4,ICT,4,2,3
312dc2db-9cff-434e-adf3-0661bb644362,0.97,1,Physics,2,1,5
5843d295-b7b9-448d-a425-32e6130b8b90,0.9,3,ICT,2,5,1
84aed78c-c23d-41fb-9356-45ca59dbe4a0,0.82,2,Chemistry,3,2,3
51656cde-de7d-4184-ab32-8b89e991bd24,0.9,4,Chemistry,3,1,3
7cc03e50-70de-4549-b7b0-2d971344f766,0.79,1,ICT,3,1,1
774a251a-7b8c-48cc-9e76-9f5ebacf2b8c,0.81,1,Physics,2,2,3
2f8669b9-fbf5-4df9-a01b-02fd2d901997,0.87,5,Physics,1,4,4
a94660d6-c38d-4599-a925-32f082540677,0.77,3,Chemistry,1,5,1
648d2a54-5948-4453-aa3c-b218646cbf6c,0.86,3,English,1,1,3
16db1e58-1264-4079-b79e-d9527a9946ba,0.74,5,Chemistry,2,1,3
2fd8b529-0944-434c-a03c-82ecc0702065,0.96,1,English,3,5,4
5be912d5-02db-4934-8078-de83517f8bca,0.89,3,Physics,1,4,3
51e86584-ab70-4ebe-aad2-f65b48a576b2,0.75,2,Maths,3,5,1
8035c0cd-72b1-4b84-8c19-1202f1ba5426,0.97,5,Chemistry,5,3,4
e5e33bbf-8f1a-450d-86df-54258a67bcaa,0.87,2,Chemistry,2,4,4
b4823779-0e17-43bc-a395-aca100de0c20,0.84,2,Physics,4,1,3
e6a207fb-548d-4cb0-927c-a887a9b4eca8,0.7,3,Chemistry,3,2,1
404d8af5-da92-4f38-ae61-ae8a977cd499,0.88,1,Maths,2,1,3
4c8a71ac-b16d-42af-b9e4-088821cdad06,0.8,2,Maths,4,1,3
d8c1cb8a-f3c5-4e72-b549-4fc4b2979737,0.78,5,English,3,4,4
1a42beca-8416-40d6-9015-dad433e2a2bd,0.89,5,Chemistry,5,2,1
d9ba5422-0f94-4e8f-b166-fd1c6575e9e2,0.81,4,Physics,2,5,4
94ca7045-ae02-4125-9bc9-9b7d2d3e819b,0.98,1,ICT,3,5,2
9c1ce7d6-a36b-4c9e-b2ff-255228c92650,0.88,2,English,3,4,2
79bd7b87-c0bb-40e0-bc36-c7b54656e2ba,0.92,4,ICT,2,1,4
a2e2da4e-79af-461b-8973-9267063b09b0,0.76,3,Chemistry,5,3,1
06a36ad7-76be-4548-a088-0c84bc275eb0,0.84,1,Maths,4,2,1
ab7feb05-227a-46a1-9924-15128613d65b,0.73,5,Physics,3,3,4
20cf2920-a0c8-46ba-8688-d36d4e337d29,0.82,3,English,4,3,2
23c17061-b77a-4534-a4a1-70eb85ffa045,0.97,5,Physics,3,1,1
d12fc3c3-6272-460a-9e7e-450fd81b3814,0.89,4,Physics,5,3,2
a6f9237e-c961-4f29-b7f1-e63863681ab1,0.71,2,English,2,3,5
60c9281d-49fe-47b6-8942-052db4415080,0.82,1,Physics,2,5,3
1ba20c3e-4ccb-44c7-96fd-12a0050395f4,0.81,3,Chemistry,2,1,3
36ef2a5a-b155-4632-b345-3c1787f43b18,0.91,3,ICT,2,2,5
465d14b7-4552-4142-acc5-04b7f6d33b88,0.97,3,ICT,2,5,4
5f49335e-ae86-4f5d-87cc-2a903b1c3390,0.97,3,ICT,4,4,4
f96ca69d-8472-496e-86b8-a2c1872c17f3,0.99,5,Physics,1,3,3
e1ccfcd2-81ab-46f5-b54d-05490989f4b1,0.9,3,Maths,4,5,4
dbc4fd47-284c-4606-9576-2ce08628762b,0.9,4,Chemistry,5,4,5
f99059aa-3ab5-4bc4-a2fc-159bb5ac82c0,0.81,4,ICT,5,5,2
6015d349-4570-439d-846f-9ef1bd59b819,0.98,4,ICT,4,4,3
ab83ca23-bd67-4803-8945-c0842fcfbed0,0.72,3,Chemistry,3,3,3
50ecde4c-f7f5-4217-a81c-72edcd9e3f21,0.81,5,English,4,5,3
34f9bf9a-5781-443c-a28c-1c6c6fbc6646,0.75,4,ICT,5,3,2
795d2928-c06d-4ec0-b2d0-4a810cfb96aa,0.86,2,Chemistry,1,1,1
abade39d-c257-4c64-902e-d68841554fce,0.92,2,Physics,5,1,3
83ff9fb0-3bee-4746-8454-bb27e5dab644,0.72,5,Chemistry,5,5,2
acc6f5a5-a4b8-4949-b4ae-90e7567b603a,0.82,5,English,1,1,3
602a736f-6989-4df0-8c36-7a62a4b2910f,0.94,5,Physics,3,5,5
7ebbcb75-8543-4bad-86b6-b3fda2c6254f,0.75,1,ICT,3,3,2
a57c2d09-3577-463a-9e6b-1a6c9d62229d,0.76,1,Chemistry,5,1,4
2141c5fa-177e-499e-9a89-c020e46be631,0.95,3,English,1,2,5
c07c8d78-fa21-4313-97a3-c36b45a047c9,0.94,2,Chemistry,5,1,4
127c8299-ffe5-480a-a664-40ca1d1e6a2a,0.82,2,ICT,2,3,2
2bb1e81a-91d1-4d82-960b-1b0215ffde03,0.94,1,English,1,4,4
a2b25884-ee5c-4010-bf67-9166ad4baedc,0.77,1,Physics,3,4,1
c66c7755-7643-4891-aab7-d03902439a30,0.89,5,Physics,1,5,3
ac32af91-97b1-4859-af5f-9982e88f7a54,0.76,4,ICT,1,1,3
49c81e1a-d316-4dc7-b832-5cf706523a9b,0.78,1,English,1,2,5
2d058f60-2fbd-4f80-afb4-1f6a5d95a3d3,0.85,1,ICT,4,1,3
81b86e50-12d9-4cff-94ba-3672fa36045f,0.74,4,ICT,1,1,5
a0af6ccb-6790-4f49-a384-a25217f2041d,0.85,1,ICT,2,5,1
6dab23a5-5b44-4177-9388-a29cca55b7fe,0.92,4,Maths,4,5,1
dae1f3c4-2582-4609-83c9-03d4b4fa3aa7,0.93,5,Chemistry,2,4,3
c5cebff7-671c-47fe-8fd3-fc05a35ee3a7,0.74,1,ICT,3,2,5
31eb38b2-4b5e-4c45-b477-5dbaf6f0abab,0.84,4,Physics,2,3,4
ff4abad4-b9ff-4527-a4cf-2cee1ba5d833,0.86,2,Maths,2,3,4
ea6a75a7-55ad-4aae-af10-f1d90597f091,0.97,3,Maths,3,3,5
333c637a-8aae-4410-acec-d2ff2b85f73a,0.94,4,Chemistry,1,1,5
5ecfac0d-59cc-44ff-8b5f-ba783e83bcea,0.75,3,English,2,3,1
48c8b38a-32ce-4b1a-a89c-1eb80cc362fb,0.82,4,Maths,4,5,5
8ab72b24-5b20-40b8-ae55-7168f5da459b,0.97,5,English,3,2,5
af8bf3b1-d187-4edd-9999-06b2e25438a0,0.75,3,Physics,1,4,5
3e907733-31bf-4285-8ff8-c0e7f6f1a9e4,0.77,2,ICT,1,3,5
c4af52ae-b101-46fd-b13b-db3654d029ad,0.75,3,Chemistry,4,5,2
b3da7fdf-8986-48b9-ab9e-ce0d8006218a,0.86,3,English,5,5,4
9d2231b3-75d6-499f-b48b-e3e871bc4c8b,0.95,1,ICT,2,2,5
1841eb66-1ffc-4c7d-9492-531eedb69e21,0.84,5,Physics,4,3,3
a7d2cb79-a54e-454f-8717-9860c456e10b,0.76,4,English,5,1,4
03e2a27a-1a21-4d9e-9cff-ad868f2f563d,0.76,2,English,3,3,3
8810f6af-c86d-4f1f-9608-69c83f732f15,0.89,4,English,5,1,2
03f207b7-f907-438c-8ce4-0653202061cd,0.85,4,Maths,5,3,5
accda59b-687e-4f1b-a7a5-52ae93b52cba,0.8,4,Physics,5,2,1
22b44211-c0e7-46d7-beab-510d9efd60f0,0.9,2,English,3,5,3
7af7930f-59ec-49dc-9124-75fda6d3b556,0.8,2,English,5,1,2
517e0a47-cca6-4bb8-946c-fdb9c82eafa3,0.78,2,Physics,4,3,4
df60e81c-3e23-4a01-92b4-a8ddb8bb72b9,0.98,3,ICT,1,4,2
317b246f-e55e-475e-b2f7-7ca490dcaca4,0.94,4,Maths,2,5,1
03462ac3-f989-4a7a-b95a-84ae8be7b6af,0.89,3,Chemistry,5,3,4
49de883b-1986-4940-9a62-6050d3c18dc7,0.81,3,Chemistry,2,4,2
04aa55f5-c4d4-43b9-b4d5-c1aa9971c1a6,0.81,1,Maths,4,2,2
ee7cc62b-0ede-4558-80b9-951f4b59fec6,0.89,4,English,4,4,4
84b5061e-de80-4072-96be-4189c0dd6cd2,0.88,1,ICT,5,2,1
f45c0f1d-dfa3-428c-8885-e88360746606,0.98,5,Chemistry,1,1,5
08af4fff-b78c-4532-86f7-c25cfe00f9c5,0.94,3,English,4,1,1
dd8657db-64f4-4f92-970e-48d49acb735f,0.86,2,Physics,5,4,1
b420005c-36e3-4ae9-9c77-dabf7ee41c92,0.95,4,Maths,5,4,5
9df90e07-0b49-4d1b-915a-4373c40e5a5c,0.91,2,Maths,5,1,2
8d776b5e-ace9-4d59-b214-ed5a01f46264,0.8,1,English,2,5,3
1c0a07c8-3fb2-4abb-a382-4fa4f51ded63,0.71,5,Physics,1,3,2
aa8948eb-6246-4bca-a154-082e47f52257,0.72,4,Chemistry,3,1,2
4028f6be-e884-4d8a-a1e9-c80ffbf3e845,0.89,4,Chemistry,1,1,5
1674ec8c-c7ee-40cb-b84f-9597c6a7a682,0.87,1,Chemistry,2,1,2
8ea127f9-563c-4849-a583-a5e01637c659,0.96,4,English,2,3,1
40aedfed-ca27-42db-aebd-b4edbf855665,0.92,2,Physics,5,5,2
29929614-f6eb-49d0-b4ce-1d1ca50195d0,0.79,3,English,2,4,4
c91f9f59-bd93-434c-b33e-c3a7118a69eb,0.81,2,Maths,1,4,5
99bfc797-694c-49cf-86c1-35585552f234,0.95,4,Chemistry,4,4,3
6edfb319-c8d0-4452-8d87-16dbe9c06178,0.99,1,Maths,1,2,4
ab57e845-2583-4966-b13a-e1d1e9d33e26,0.79,4,Physics,1,4,4
fb61729d-7329-4434-98ab-2d998f8444ef,0.98,5,Maths,1,5,2
8bbc4e9c-1811-4360-a5c0-fe814a0b4c70,0.85,1,ICT,1,3,1
0ae0c265-68d9-4ac5-bf6f-5b6f0d1ce418,0.81,5,ICT,1,2,5
6fe34da0-bfb1-405e-b1f2-1fb370d0a50b,0.7,1,English,3,5,1
dbd20cb6-ba96-46d7-94a7-7ad8d5ac69e5,0.89,3,Physics,1,4,1
4bea3ac0-fa34-4e7e-8a1e-668a6d66297f,0.75,5,ICT,2,3,3
a3e4170d-658b-4b84-ab78-89cf6c9969a9,0.75,2,Maths,4,5,3
28d779a3-bf63-453e-ae46-f70015c73766,0.86,4,English,2,5,2
e0c1700b-6615-4a9b-9ea2-b971549d427f,0.93,1,Maths,2,3,3
3d6c59d6-ecb8-4e42-a5b7-e998b126520b,0.72,3,Physics,2,3,1
24b91169-9e40-444b-b4a4-0a73ebdf32b5,0.8,2,Chemistry,4,4,5
c3bca673-279a-4d53-8046-51c3d0435175,0.75,5,Chemistry,4,5,4
76182af8-b96d-4b7d-9166-9df555312a35,0.74,5,Physics,1,5,5
7135302e-40a1-4765-b7a4-09f07561aabc,0.7,4,ICT,3,4,2
5099466d-1a00-45ee-9d0c-8a283650de5f,0.93,4,Chemistry,1,5,5
cbfdacf9-ee0c-4d00-b8c2-a798b68e8ffa,0.86,2,Physics,2,2,4
0d6aab2f-a59b-4c3d-bc5e-c15374de094b,0.8,5,ICT,1,3,1
b57fa685-0fb3-4bcd-b93a-00136b5203b4,0.83,3,ICT,3,4,3
f3c9b917-6015-447c-a54c-7a358aa6d2ff,0.91,3,ICT,2,1,4
fcec1f21-fa56-4c63-a3c5-5f4bc5039dce,0.78,1,Maths,2,3,1
0b36f903-0dce-435b-a37f-76c72b13a12e,0.95,3,Chemistry,1,5,3
d79911d7-f1a5-4ca8-b082-5778c269bf69,0.72,1,Maths,2,5,4
f36c7fee-3e13-4621-9ce7-8abb64328c5d,0.8,3,English,3,1,5
9cfd878b-0764-4317-b6fe-48760dd4645e,0.96,2,ICT,1,2,3
060756b2-8649-4e54-aab3-c0c11d4eb1f6,0.91,5,English,4,1,4
357c30b6-9461-4b4b-acb7-bb5b86f69e41,0.93,2,Physics,2,2,2
f7ad068f-3793-4fd7-bb2e-bff98e2613ae,0.7,2,Maths,4,1,3
32d9f498-c0b7-4605-8f48-2579202d6ed7,0.91,1,Maths,3,3,5
92f415d3-a916-4594-9dce-2ee40cdbd729,0.89,2,Maths,2,4,5
2da95f7f-e295-4c0f-be48-b3fe1bf65f9b,0.98,2,Chemistry,2,2,2
72fb565f-ec0f-44d7-9339-0897f9cc1922,0.83,2,Maths,5,3,5
b7396f31-453c-400f-80fc-7d5b4766d1e3,0.8,4,ICT,4,3,1
9eaa8ca8-138c-4fe4-8292-3b06854212f5,0.72,3,ICT,3,3,5
cdbc0a48-9bc6-4b23-b429-f8d1f2e972f8,0.82,4,ICT,1,2,2
142f6066-260e-40ed-b344-1894ab0dfc41,0.91,2,Physics,1,4,5
8d18402f-a4dd-49df-a332-6892650117f9,0.99,4,Chemistry,1,1,2
51f1e09a-016f-4480-beb7-f41687d4dd36,0.87,2,Physics,2,4,2
c96f25ec-48e8-48a5-a53b-3a5e571d71c7,0.84,5,Physics,4,2,3
76417ddf-14ff-41c6-956e-6e2d9cfcae6b,0.86,5,Maths,1,3,2
2d77f9ce-31c7-4b68-bb94-db087604e34c,0.83,3,English,5,5,2
f5579c23-099e-4783-90e1-963d594f793d,0.98,1,Maths,2,5,5
9f90f10c-5c35-4691-a848-b1c37841ef2a,0.7,5,Physics,1,5,2
a8fb98de-31f3-468b-b0c1-9cbd3617526b,0.87,2,Physics,5,2,2
737d182d-99e7-43fd-9cb0-febebfc888d1,0.73,5,English,5,4,2
897bd012-8ec6-4dba-a251-08f7bda4e913,0.84,5,ICT,5,2,2
2bffb200-ce7f-4124-91c2-433f87463ec2,0.83,3,Maths,5,3,3
f573147f-0194-4fb3-8eb1-96c0b9d5cdad,0.74,3,ICT,5,2,5
a2a91d83-8278-4879-a188-e8a3ab74bcc7,0.93,1,Chemistry,2,4,1
9f08e50c-a1aa-4b8e-9972-4e6ada4554b7,0.76,2,Maths,2,5,2
f5e6aa37-95f3-49cb-8e42-dcf90fb6b921,0.71,2,English,2,2,3
7ec76498-6def-4a65-95bc-74c675935854,0.73,4,Chemistry,1,3,1
3c4731f9-44b9-40b0-868b-92c7c5b7974a,0.72,3,Chemistry,2,4,4
a32f2cca-ad62-449a-934e-4f4186ac06c0,0.94,1,ICT,5,2,3
b6706944-728f-4d36-9b91-b92f872075e6,0.84,1,Chemistry,5,1,3
33b59ca1-a342-4e8c-95fb-9894ab2cb4e4,0.9,5,Physics,4,3,4
9ffb373d-0b32-4ed4-aae4-565824e62232,0.81,1,Chemistry,1,1,3
e037b0b6-87d9-40a6-85ff-4dedb658e5de,0.9,1,Physics,3,2,3
c8e41c79-534b-456b-840f-d87985778bab,0.9,2,English,1,4,5
3f1f6caf-2074-4e25-8a2c-04c6fbf856cc,0.83,2,Physics,1,1,1
82cb0881-ff8b-4deb-b380-eb6b30a3a0b8,0.86,4,Maths,4,4,4
275fe772-2b3d-4822-b5cb-962c1c8dbf69,1.0,2,ICT,1,3,5
42a38b89-d0d4-432f-830b-65354a792f37,0.8,5,ICT,1,5,3
5051977c-dbc1-4d93-8f8f-50bd4c8590fc,0.86,3,Chemistry,4,5,1
7995f615-8d70-4866-af44-548684daec7b,0.99,4,ICT,4,2,4
5f04f24b-8122-460a-8afc-84a3794bafef,0.77,5,ICT,5,4,4
fb91e881-d5bc-4477-8016-fc36496e3648,0.88,4,Maths,4,1,2
04807ff6-9bf4-45cd-b2ff-f11904179c3d,0.92,4,ICT,5,3,2
34000f6b-63f3-44be-a337-bab91153ee7d,0.74,1,Chemistry,3,1,4
368aac0f-0cdf-4a93-8f87-c125387a474c,0.7,2,Physics,5,4,4
8762b771-b4e6-4b57-9909-228c4a08d716,0.95,4,Physics,1,2,2
608dc454-227f-4f95-8166-e334927f2071,0.72,3,Chemistry,3,5,5
13eb30a6-aae6-489d-bb03-b6eea3bc063c,0.81,4,ICT,5,1,3
55fcdaf4-efd6-4d69-9d1a-efd9e91d545d,0.81,5,Physics,2,2,1
a37a81e9-aade-4ec9-ae63-020f67da0368,0.72,2,Maths,2,2,3
ff8a2f13-764f-4674-8383-e4c5df08b432,0.9,2,Maths,3,5,3
577bcb2f-f834-43de-b49d-3a4b4ad3ed38,0.75,1,ICT,2,3,1
893b93cd-e244-4b31-8e74-2ae983d123b0,0.71,2,ICT,1,2,5
8f39527d-ee98-4de7-89d8-a6e4704aff35,0.8,2,Chemistry,2,1,5
e0d1f9ff-f518-4629-9630-020417cf158c,0.96,4,English,1,1,3
0c047043-5e62-4e08-a046-d252ad83c3ad,0.95,3,Maths,5,4,5
b31f257a-62f0-40da-98ba-7594efe775a5,0.75,3,English,4,4,2
c6816312-2c7c-4051-8b93-bb4c2157b868,0.83,1,ICT,5,1,3
375c3c57-9e18-4d30-bbe9-91ca03698dc2,0.96,4,Chemistry,2,2,2
8c36b782-f164-4f20-a4e7-ad54b23e5bbd,0.79,1,Physics,4,1,4
f5b88b84-c2d8-438f-922f-1e8dd4417d12,0.82,2,English,4,5,2
38bb4bbc-eab4-450f-8e42-81ef7b7a491f,0.72,5,Maths,2,3,3
2d655b65-4314-4f8c-857a-6488909111a5,0.89,1,English,2,2,4
883c14f1-1293-43c1-a9be-bf7b92a638ba,0.96,5,ICT,5,5,2
6759f542-fa5b-4383-bbf2-4ebcf76ecd8c,0.98,4,English,2,2,2
d30a62a3-844d-417d-a81b-4d37b89130d3,0.92,5,Maths,1,5,3
4dfc979f-734d-4a1f-b68a-f35a1c65569b,0.98,1,Chemistry,4,5,3
a755464c-76b7-4a36-89aa-0a2d1e8db13a,0.84,2,Physics,1,4,5
4658708c-e013-4486-9aee-3cfd8341ab22,0.71,5,ICT,2,3,5
5a936c94-8542-4b21-880c-2c001c01a6a9,0.72,4,Maths,4,2,5
9713071b-6b39-4766-8f20-fd1dc3b7be7b,0.9,2,Maths,4,1,1
43935110-967a-45ca-9e97-976de73505cd,0.99,5,Chemistry,3,1,5
f1173ea1-5dec-4268-9c3f-573015973a4a,0.95,3,Physics,5,4,1
66262e56-c51b-4bbe-8a46-8ee505738fcf,0.86,3,English,4,2,4
8f43b3ec-9331-44ec-8e90-f808ddc4b2ee,0.76,5,Chemistry,3,1,4
0707dac2-16c7-4ef5-b423-b862a651ae30,0.91,3,Maths,3,5,1
cfcc9967-5fe8-4a8c-9d16-3e5b0cb8ef8e,0.95,4,Chemistry,3,5,3
6ee85802-2223-4958-a4b4-fc25d58fcfe8,0.78,5,Chemistry,4,1,1
ae937c35-0d4b-41c6-a140-856e5458abe7,0.95,3,English,4,4,5
ddaf5db8-0573-4926-8813-e453f4538c50,0.94,5,ICT,4,2,1
be27de7f-4425-430e-8fae-a67b687de8c5,0.86,3,English,4,4,2
278ca51f-ed49-4e4c-a967-62dd314e6b05,0.89,1,ICT,3,2,2
8c37c7a6-b79c-4f89-895e-1a783469ecf4,0.87,3,ICT,3,2,5
18250656-8e2d-449f-a0e1-73d84fe20efb,0.74,3,Physics,4,5,1
f6edb50e-5ea4-4801-9fa0-b8a8ef34eadf,0.97,4,Maths,1,1,4
87f1ea27-5b05-4f3d-b366-22f52390bcbb,0.86,1,ICT,1,1,5
d680bce8-848c-4c00-9e58-23bbe49d18f8,0.79,4,Chemistry,1,5,4
cd8a7a36-2994-495d-afef-a8aca8fcc301,0.91,2,English,4,4,1
4f831084-ee1f-4e7b-aafc-ec88335d0c42,0.9,1,ICT,4,1,1
704107ff-9ab1-47e5-990d-99b1fa361655,0.85,3,Chemistry,3,4,3
e09c62f5-8579-4327-805f-ef972d57a8dd,0.73,3,ICT,4,4,1
77882007-7f63-46c3-ade4-c398d462a364,0.92,3,Physics,5,5,5
ecb5c2a3-1e2a-4c2d-92fe-46d8a8d0bc8f,0.84,5,Physics,5,1,3
e0152b07-0d84-4dac-83ad-f1dcee8a113f,0.9,3,Chemistry,1,3,4
8bad64a5-23e9-4c47-a338-c8a4d09f7b34,0.81,3,Physics,4,3,5
1076c2f4-6156-447a-8d6b-dea74fcafa5a,0.94,2,Chemistry,3,4,2
778b1820-90cb-4f56-9697-ca8e91262623,0.89,4,Chemistry,5,1,1
41bbd2de-a7dc-4469-bb10-6267292e93fe,0.9,2,Maths,4,2,2
cd11bb85-0242-4979-bb62-1167ff986205,0.85,5,ICT,2,3,4
d8e890eb-33f4-41df-a2c9-b67ce60b5417,0.72,5,English,1,5,1
d82b8fc5-2476-405c-a69d-da5e89194977,0.72,3,English,2,3,2
1cb7ecc0-988c-4133-a6d0-c592f2d3870e,0.95,4,Physics,1,4,1
506ba429-5440-47a1-9ffb-307ab351b348,0.89,4,English,2,5,1
0d719f8e-43b8-46b5-9a63-82fe908892c0,0.79,1,English,2,2,2
a063bb9d-bba7-4276-bbfa-5ba73b983558,0.93,5,Physics,4,5,2
f94a2f63-0456-4861-9e02-fd72b05c6c56,0.71,5,Chemistry,5,2,5
8946e713-9c6a-4a5b-957b-c89c38829502,0.94,2,Physics,2,4,2
200f2b84-0d4c-493c-9a70-a8f1de9a4710,0.96,3,ICT,5,5,5
3a04a039-d11a-4fdf-922e-66267f562d6c,0.85,2,Chemistry,5,4,3
2d4f7cf5-fcc9-4f78-8799-cbb6872fb8f0,0.78,3,Physics,4,4,1
a593c2e3-b1b0-4342-b91c-77a921fbf240,0.95,1,Chemistry,1,5,3
092c0d7d-5a56-468b-8ee9-bdb546d92a32,0.89,1,English,2,4,5
fdb18b7a-4899-4a8b-95cf-b61bd1b8bb63,0.77,2,ICT,1,2,3
82175dba-275a-410c-90f0-5ac780e21200,0.87,5,Maths,5,5,4
7347a726-7aba-4184-8f89-3834d86c2ecb,0.97,1,Physics,1,1,4
c73f1fab-78a1-48a9-932d-fa98d07a9106,0.99,3,Maths,5,4,2
c453a80e-9c16-4514-a5ec-87c25b733a76,0.99,2,Physics,1,3,1
47e10a7a-0a88-4c4a-b020-4972be5a0e1c,0.9,4,Maths,1,2,1
575f534f-cf24-4310-a2c8-e4a8d19f11bc,0.7,2,Physics,4,1,3
9d4477ec-6d7e-4443-9586-ac8e569a2aa4,0.95,3,English,2,2,2
ce109e43-4bee-40d5-8fbc-edb9d95c16ea,0.76,1,ICT,3,2,3
82e115cb-7009-4b9a-9bcf-82d410f92a38,0.9,1,Physics,2,5,4
9a30eb1a-aed5-4b1d-a4ee-df49c7a81d9b,0.92,2,Maths,4,2,5
6c9867c0-990a-4662-9ad6-bc353be75f0d,0.81,5,Chemistry,3,3,1
c2057f7f-dfa8-4760-a95a-3fe89e279559,0.8,2,English,4,3,3
b91e773e-0772-4a3c-b6a2-4334abc4a5da,0.83,3,Physics,4,5,5
673b5919-1d6f-4314-9726-52106c852165,0.97,3,English,2,2,3
5e161da2-2a1c-4f32-b03c-25f46322c88b,0.94,2,Maths,3,3,2
8e002361-3ac8-4a0f-8a8e-a95caf4ed7cf,0.95,5,Maths,4,4,1
bf1f12b2-f092-4f87-b426-7c4f1f8999b2,0.96,4,ICT,5,2,3
8287faf7-edde-4611-be1f-328107fe4314,0.82,4,Maths,5,4,3
6d69b298-92e0-4152-9af6-013d80abf5c6,0.86,1,Maths,2,4,1
035e6b58-ffe5-4dfc-8810-874b9a8e0b4e,0.74,1,Maths,2,5,1
6226458b-867e-447f-887b-64fb4bb716d6,1.0,1,Chemistry,4,1,5
726f653f-5045-4a03-8be6-9d55be45bb86,0.72,1,English,1,4,1
f6a0d8a0-bf20-478d-8c0d-5a4b4b1fd21f,0.9,2,Chemistry,5,2,1
2f2c3544-636b-4424-a329-9201fccd5ff5,0.78,5,Maths,2,4,3
60ced5a8-994f-4e00-8938-326efbdca748,0.92,5,English,4,1,2
26e284eb-8b84-4a78-adf9-6ab0101b42f8,0.86,4,English,2,3,3
8e8e5ff8-221d-4b8f-89a3-354ae9c905c2,0.76,2,Physics,5,2,3
68be7624-219b-4177-9e60-eaef63bc7a50,0.85,5,ICT,3,3,5
35df0ae0-4629-47ae-a57a-47a1e7eba765,0.72,5,Physics,1,1,1
5e95006c-96d2-473f-b7a5-f38fa149dcaf,0.95,2,Chemistry,3,2,2
7652acf0-332b-4d7c-b18b-994d7067edf8,0.83,1,ICT,5,4,2
aee67f25-ff66-4ec3-bd46-f92b846bf85c,0.86,1,Physics,2,1,1
2fe703c5-8f11-4569-88c8-055be840158a,0.76,4,Chemistry,3,4,5
64a340ca-9860-4b87-9a20-0e0f4ea8669b,0.92,2,ICT,1,5,1
32e941b8-34af-4d28-87fa-e2f8b748652a,0.93,4,Chemistry,1,2,1
5a7c242d-3134-4990-9d58-8afca6970215,0.74,4,English,4,3,2
0295f782-cb8e-46cb-814a-4b9a21a7da68,0.93,1,Chemistry,2,1,3
9f3b3172-e5f0-47d2-a4fc-406d529ecdad,0.77,1,Chemistry,5,2,2
dab6ebf1-5fe5-48c8-9d17-fbcefa8e5998,0.97,4,ICT,1,3,2
d14f9427-0aba-455d-9085-7e4a27d00fad,0.79,3,Maths,1,5,2
266d0a08-d03c-4153-9008-5ddd73a59019,0.91,4,English,4,4,3
4e3c22ec-71ef-43a5-8cf5-8e722d23b6a9,0.82,4,Chemistry,2,4,3
6fd70bfe-6a1c-48a2-a82c-798084a15f66,0.89,1,ICT,5,5,1
4a0e9c2e-64dc-413e-8f2a-70b7dfd42e38,0.91,3,English,4,4,4
2e63b043-ab9f-4bcf-8717-38c1424ac09a,0.89,1,Maths,5,3,5
5f802d3c-7a7c-443e-8f74-a2c54a59a9bf,0.93,3,English,2,5,4
13e0cd3c-541b-4bb7-afae-62a209e283b8,0.83,3,ICT,1,5,5
a6c8c7a7-d353-400a-b24f-658d94bf4b9d,0.89,4,Chemistry,3,1,2
67793aa0-fc38-4c1d-a5d8-a40a6e914bfb,0.82,2,Maths,4,4,5
5d5cb8c3-fe67-49da-9705-4de5e0326521,0.78,4,English,3,5,1
d8102d14-a3ae-4ce8-8406-a4adef610bdd,0.77,1,Physics,4,5,1
03feb698-3620-4ac8-8772-c7297251c6f5,0.8,3,Physics,4,1,5
ae1d37e4-9313-40d9-b1fd-9e320fc174d4,0.93,5,Physics,4,3,4
aa55c4cc-c5fc-4bfe-9e56-82f1e7bcabad,0.71,3,ICT,4,5,4
1cec456a-3a6f-41b6-b871-0bacf3bada7f,0.89,1,Maths,4,5,1
bbee80bd-e10f-4eb4-b5c7-059ef978ae90,0.96,2,Maths,4,2,2
690d8136-93d9-4eea-988f-45387f4e99d8,0.71,4,Maths,5,5,4
9782db97-f586-49b0-b912-6da1d931bada,0.77,3,Chemistry,2,1,2
1ada794c-c171-4979-b7d0-d292c41b668d,0.77,2,ICT,3,2,1
2ee32596-1b90-4c1d-953b-9f0968d2d3c1,0.74,4,English,4,5,5
1f50b8fc-81d9-4419-b5d1-621992988836,0.84,5,Chemistry,5,2,5
bce62398-b1bb-4ae5-9486-9d678472d3a4,0.74,3,Chemistry,2,5,4
70a083ae-b576-4c85-8a7c-8ed6f75f7e88,0.83,5,ICT,3,5,5
3e13c7b7-ae4e-4f97-bc30-5777d8ab2ee0,0.99,2,English,5,1,3
09baa340-8cf8-49c9-b87a-f8c978898b04,0.75,4,ICT,3,5,1
a32298aa-06ae-4955-bd42-afa37f493a73,0.73,4,Maths,3,2,2
607ab086-ba8f-4b01-8ac9-396d94276037,0.88,1,ICT,2,1,5
f6b82a84-12f7-42a5-aae0-58abf3112e2b,0.89,3,Physics,5,2,5
00a4b94e-656e-42f2-b33f-2c0e36092001,0.79,5,ICT,1,5,4
0d5b8ae7-11e9-4ef1-a2a6-e7b6dbf07770,0.76,2,Chemistry,4,2,1
f119d55f-555a-4719-8dbf-41a7c0bbda60,0.74,1,Physics,4,3,4
d2500fd5-362d-4c6e-a92f-73d5d8c1360e,0.88,4,Physics,5,5,2
37a1dbd7-186f-49eb-ad70-d35a524c64b0,0.81,4,Physics,4,5,3
bf1b801b-aaf3-4343-b85d-fc30154fc9d4,0.76,3,Physics,3,4,5
3ab332c4-b4ed-4921-ab01-7ddadabe36d3,0.9,2,Chemistry,1,3,1
72b5edeb-3353-42e4-82f0-5e1e2459e067,0.71,1,Chemistry,4,4,5
76ed0205-b684-42b8-b1ff-08ddffa68f08,0.79,5,ICT,2,3,4
5687d1f6-a0b8-423e-9b18-cc6a199fa48a,0.87,5,English,2,4,2
231ae1b9-a9e6-4b49-8cdd-62eedd4d04f1,0.73,3,ICT,2,2,5
d2e0e557-b4b5-4902-8a97-c750182f6c8c,0.7,1,English,1,2,3
c8b642c2-2a47-4c69-82e4-fc9ce17b7234,0.9,5,Physics,2,1,5
6714a278-678e-4b53-93bc-5d58dc4f4ef1,0.83,3,ICT,1,3,4
5b166654-490d-4edb-b795-e51dd997e258,0.98,3,Maths,1,5,1
14068d5d-b7da-4c57-a996-e90385e94fc9,0.8,5,Maths,3,4,1
af3b9abe-d218-46d6-9c13-33cbf6be6cc4,0.77,5,English,1,3,2
91e86e02-c6a7-4188-9b0d-d72c765a5479,0.74,3,English,3,1,4
17b6077c-8e12-43cc-9a51-f5e16e866c12,0.95,1,Chemistry,1,5,5
688fe3cb-7aaf-4b6f-ae7f-c396cbb4b7ba,0.88,3,Maths,2,4,1
9bce5485-b8bc-419e-83be-4ed797b4e5c5,0.9,1,Physics,3,4,5
f163d813-19b3-4ec1-b370-d941537948f1,0.81,4,Chemistry,1,2,1
6658f7b4-6c7f-4e3b-b5ed-8dfe24ac4dbc,0.89,5,Chemistry,2,3,2
b62e17f8-da1b-46e1-ba32-5583515c71b2,0.82,1,Maths,3,4,1
01816a6f-0030-4b97-9ce6-9c95ff489705,0.81,5,Maths,5,1,5
6461a42e-84e7-4acf-9fcc-025312595ce9,0.8,2,Maths,1,1,4
d95ed001-8eed-426d-b34f-78c6757334d0,0.79,3,Maths,2,3,4
2c9a35d8-997e-4401-9e85-5fb4637b8d4c,0.74,2,Physics,1,4,2
168d5274-35d9-4b24-bf08-9cd25a1cd27b,0.82,2,English,2,1,1
d8cb4636-231b-448a-91ad-fb78b1864ca6,0.95,2,Physics,3,5,1
db94262f-108c-4c79-a2d7-4765754c9fbd,0.81,4,Chemistry,5,1,4
2d4468cb-3a61-4e94-a697-86658514311d,0.79,1,ICT,4,2,3
40a53631-92ca-4f5a-b664-f65761e36b61,0.85,1,Physics,5,1,1
a8b4f426-954e-4953-9c21-8d5435faae8f,0.9,4,Chemistry,2,5,5
9ca8420d-63f9-4cc8-888e-a07d1e3726cc,0.72,5,Chemistry,3,2,5
cb2ff670-fbd6-404c-9981-956fb60bafb5,0.99,5,ICT,4,5,4
7b5d7f9a-430d-4d4e-8606-b87e9e7fbb8b,0.93,2,English,4,3,5
e664a78c-3467-4d97-91e7-eb5e2d52815e,0.94,5,ICT,3,4,3
